Date,Open,High,Low,Close,Adj Close,Volume,Days
2018-02-13,55.25,55.720001,55.02,55.669998,50.301407,10416400,0
2018-02-14,55.470001,56.700001,55.290001,55.990002,50.590557,14190300,1
2018-02-15,56.360001,56.830002,55.900002,56.580002,51.123661,10294900,2
2018-02-16,56.650002,57.049999,56.34,56.48,51.033306,10151300,3
2018-02-20,56.290001,56.540001,55.830002,55.970001,50.572495,9450900,4
2018-02-21,55.93,56.740002,55.860001,56.099998,50.689953,7851000,5
2018-02-22,55.950001,56.139999,55.259998,55.400002,50.057453,10172400,6
2018-02-23,55.650002,56.150002,54.799999,56.139999,50.726089,11394400,7
2018-02-26,56.419998,57.349998,56.32,57.169998,51.656765,8713800,8
2018-02-27,57.290001,57.639999,56.560001,56.57,51.11462,8821400,9
2018-02-28,56.84,57.919998,56.830002,57.099998,51.593513,11541100,10
2018-03-01,57,57.560001,55.830002,56.169998,50.753197,11127600,11
2018-03-02,55.720001,57.200001,55.68,56.93,51.439907,11555100,12
2018-03-05,56.830002,57.419998,56.68,56.990002,51.494125,7835400,13
2018-03-06,57.25,57.25,56.540001,57.029999,51.53027,8046800,14
2018-03-07,56.619999,57.169998,56.619999,57.029999,51.53027,7044100,15
2018-03-08,57.290001,57.799999,57.130001,57.470001,51.92783,7434700,16
2018-03-09,57.669998,58.630001,57.669998,58.459999,52.822357,9539600,17
2018-03-12,58.669998,59.68,58.48,59.400002,53.671719,10550300,18
2018-03-13,59.700001,60.700001,58.889999,59.049999,53.355457,10411400,19
2018-03-14,59.279999,59.720001,58.709999,58.830002,53.156677,6488500,20
2018-03-15,58.93,60.07,58.82,59.369999,53.644604,7377000,21
2018-03-16,59.380001,59.650002,58.939999,59,53.310287,13030900,22
2018-03-19,58.700001,58.849998,57.799999,58.299999,52.677784,9350600,23
2018-03-20,58.450001,58.98,58.450001,58.66,53.003078,5888400,24
2018-03-21,58.75,59.549999,58.389999,58.470001,52.83139,6569100,25
2018-03-22,58.029999,58.720001,57.75,57.77,52.198895,6846500,26
2018-03-23,57.779999,57.93,56.310001,56.310001,50.879696,9476800,27
2018-03-26,56.959999,58,56.549999,57.799999,52.226006,8444900,28
2018-03-27,58.099998,58.5,57.139999,57.459999,51.918793,7562900,29
2018-03-28,57.5,58.099998,57.220001,57.900002,52.316364,9301900,30
2018-03-29,57.259998,58.139999,56.830002,57.889999,52.307327,12015200,31
2018-04-02,57.52,57.73,55.380001,56.240002,50.816444,16778300,32
2018-04-03,56.549999,58.049999,56.450001,58,52.406723,10908200,33
2018-04-04,57.25,58.970001,57.209999,58.830002,53.156677,7893100,34
2018-04-05,59,59.27,58.860001,59.139999,53.436783,6305100,35
2018-04-06,58.779999,59.139999,58.09,58.34,52.713936,8264500,36
2018-04-09,58.540001,59.369999,58.419998,58.700001,53.039215,8023800,37
2018-04-10,59.110001,59.490002,58.869999,59.41,53.68074,6545000,38
2018-04-11,59.189999,59.709999,59,59.419998,53.689785,5508000,39
2018-04-12,59.66,60.119999,59.419998,59.43,53.698818,6088200,40
2018-04-13,59,59.549999,58.959999,59.240002,53.527134,6689800,41
2018-04-16,59.130001,59.689999,58.84,59.43,53.698818,6119200,42
2018-04-17,59.75,60,59.400002,59.830002,54.060249,6139600,43
2018-04-18,59.73,59.830002,59.439999,59.5,53.76207,5914200,44
2018-04-19,59.419998,59.490002,58.73,59.220001,53.509068,6280100,45
2018-04-20,59.029999,59.18,57.799999,58,52.406723,12037600,46
2018-04-23,58.009998,58.73,57.689999,58.16,52.551296,8444400,47
2018-04-24,58.48,58.66,57.650002,57.810001,52.235043,7793600,48
2018-04-25,58.27,58.27,57.290001,57.709999,52.14468,8367400,49
2018-04-26,58.110001,60.18,57.849998,59.380001,53.653641,14516600,50
2018-04-27,58.07,58.98,57.5,58.360001,52.732006,11975200,51
2018-04-30,58.389999,58.509998,57.459999,57.57,52.018188,7854600,52
2018-05-01,57.669998,58.25,57.439999,58.130001,52.524181,7257500,53
2018-05-02,58.060001,58.09,56.529999,56.700001,51.23209,7299100,54
2018-05-03,56.52,56.57,55.540001,56.130001,50.717056,7152400,55
2018-05-04,56.540001,57.93,56.490002,57.68,52.117577,9279200,56
2018-05-07,58.990002,59.040001,57.27,57.450001,51.909756,10630600,57
2018-05-08,57.450001,57.709999,57,57.669998,52.108543,7234000,58
2018-05-09,57.43,57.619999,56.790001,57.040001,51.808811,7015300,59
2018-05-10,57.18,57.700001,57.02,57.650002,52.362862,6565800,60
2018-05-11,57.720001,57.860001,57.07,57.27,52.017715,5843400,61
2018-05-14,57.360001,57.509998,56.990002,57.130001,51.890556,5871800,62
2018-05-15,57,57.099998,56.349998,56.639999,51.445496,7415800,63
2018-05-16,56.830002,57.330002,56.790001,57.150002,51.908726,4843900,64
2018-05-17,57.200001,57.349998,56.98,57.200001,51.95414,6110100,65
2018-05-18,57.27,57.389999,56.860001,57.16,51.917801,7786000,66
2018-05-21,57.400002,57.82,57.259998,57.34,52.081291,5379300,67
2018-05-22,57.5,57.619999,56.91,56.959999,51.736141,5355600,68
2018-05-23,56.799999,57.57,56.759998,57.490002,52.217545,5339900,69
2018-05-24,57.439999,57.740002,57.119999,57.68,52.390106,5681600,70
2018-05-25,57.68,58.380001,57.580002,57.919998,52.608101,6783800,71
2018-05-29,57.700001,57.880001,57.009998,57.23,51.981377,6475900,72
2018-05-30,57.43,57.66,57.150002,57.48,52.208447,5762400,73
2018-05-31,57.18,57.470001,56.549999,56.669998,51.472736,9433000,74
2018-06-01,56.84,57.029999,56.610001,56.91,51.690727,4967700,75
2018-06-04,57.099998,57.200001,56.799999,57.07,51.83606,7484100,76
2018-06-05,56.689999,56.700001,55.279999,55.68,50.573536,18278800,77
2018-06-06,55.84,57.18,55.619999,57.169998,51.926884,13709800,78
2018-06-07,57.290001,57.939999,57.09,57.139999,51.899635,7919800,79
2018-06-08,56.919998,57.060001,56.52,56.599998,51.409161,8433500,80
2018-06-11,56.610001,56.740002,56.27,56.48,51.300171,7181700,81
2018-06-12,56.599998,56.900002,56.299999,56.48,51.300171,8249700,82
2018-06-13,56.509998,56.700001,56.18,56.209999,51.054928,8283200,83
2018-06-14,56.459999,57.07,56.310001,57.02,51.790646,11049700,84
2018-06-15,57.040001,57.209999,56.459999,57.110001,51.872391,12408300,85
2018-06-18,56.77,57.32,56.110001,57.220001,51.972305,9676900,86
2018-06-19,56.650002,57.5,56.34,57.43,52.163044,9965500,87
2018-06-20,54.830002,55.009998,51.580002,52.220001,47.430862,62091100,88
2018-06-21,52.290001,52.630001,50.360001,50.619999,45.977596,30723000,89
2018-06-22,51,51.720001,50.82,51.240002,46.54073,24429600,90
2018-06-25,51.16,51.439999,50.209999,50.66,46.013939,15578600,91
2018-06-26,50.509998,50.630001,50.110001,50.380001,45.759605,12930600,92
2018-06-27,50.52,50.529999,49.84,49.84,45.269127,14576900,93
2018-06-28,49.450001,49.48,47.369999,48.540001,44.088348,33210100,94
2018-06-29,48.080002,49.259998,48.080002,48.849998,44.369907,17413000,95
2018-07-02,48.639999,49.099998,48.549999,49.060001,44.560665,9870900,96
2018-07-03,49.150002,49.299999,48.759998,48.77,44.297256,7517500,97
2018-07-05,48.919998,49.029999,48.400002,48.610001,44.151932,9630500,98
2018-07-06,48.900002,49.189999,48.580002,48.98,44.487999,10712000,99
2018-07-09,49.209999,50.049999,49.209999,49.900002,45.323616,12811700,100
2018-07-10,50.080002,50.509998,49.959999,50.419998,45.795933,9038000,101
2018-07-11,50.220001,50.48,50.02,50.139999,45.541615,9542400,102
2018-07-12,50.360001,50.66,50.200001,50.25,45.641525,9339200,103
2018-07-13,50.259998,51.650002,50.259998,51.619999,46.885883,21718400,104
2018-07-16,51.549999,51.549999,50.689999,50.939999,46.268242,16974900,105
2018-07-17,50.66,51.299999,50.599998,51.279999,46.577061,11421300,106
2018-07-18,51.34,51.619999,51,51.150002,46.458981,13549500,107
2018-07-19,51.110001,51.490002,51,51.34,46.631554,11415600,108
2018-07-20,51.060001,51.240002,50.75,50.91,46.241001,11024100,109
2018-07-23,50.759998,51.27,50.759998,51.189999,46.495312,8406800,110
2018-07-24,51.299999,51.720001,51.060001,51.169998,46.477154,9921500,111
2018-07-25,51.009998,51.720001,51.009998,51.619999,46.885883,11368000,112
2018-07-26,51.68,51.84,51.34,51.450001,46.731472,11114800,113
2018-07-27,51.5,52.599998,50.209999,52.150002,47.367271,15770300,114
2018-07-30,52.200001,52.849998,51.759998,51.900002,47.140205,14448400,115
2018-07-31,52.029999,52.689999,51.849998,52.389999,47.585262,9228200,116
2018-08-01,52.240002,52.240002,51.25,51.93,47.167454,11952400,117
2018-08-02,52.099998,52.349998,51.43,51.68,46.940384,13636400,118
2018-08-03,51.700001,52.450001,51.580002,52.23,47.439941,8246100,119
2018-08-06,52.099998,52.27,51.799999,52.07,47.294613,6505800,120
2018-08-07,52.080002,52.209999,51.799999,52.07,47.294613,5869400,121
2018-08-08,51.830002,51.93,51.360001,51.549999,47.148273,7257200,122
2018-08-09,51.529999,52.02,51.32,51.919998,47.486683,7175400,123
2018-08-10,51.59,51.630001,51.200001,51.509998,47.111691,10539300,124
2018-08-13,51.619999,51.959999,51.470001,51.810001,47.38607,7911300,125
2018-08-14,51.849998,52.740002,51.790001,52.59,48.099472,9385400,126
2018-08-15,52.310001,52.939999,52.299999,52.75,48.245808,9566000,127
2018-08-16,52.98,53.360001,52.919998,53.040001,48.511055,8721200,128
2018-08-17,52.950001,53.610001,52.950001,53.560001,48.986649,8166900,129
2018-08-20,53.709999,54.16,53.700001,53.919998,49.315914,9791200,130
2018-08-21,54.169998,54.439999,53.950001,54,49.389072,7990000,131
2018-08-22,53.549999,53.639999,52.66,52.82,48.309834,10369600,132
2018-08-23,52.759998,53.189999,52.560001,52.66,48.16349,8567600,133
2018-08-24,52.82,52.919998,52.419998,52.75,48.245808,9849800,134
2018-08-27,52.990002,53.18,52.810001,52.970001,48.447025,6443200,135
2018-08-28,53.02,53.470001,52.98,53.049999,48.520191,7171900,136
2018-08-29,53.07,53.439999,52.720001,53.25,48.703117,6604900,137
2018-08-30,53.119999,53.41,52.970001,53.099998,48.565914,5576400,138
2018-08-31,52.459999,53.709999,52.450001,53.450001,48.88604,10892800,139
2018-09-04,53.439999,53.689999,53.209999,53.529999,48.959209,8235200,140
2018-09-05,53.470001,53.98,53.290001,53.790001,49.197002,7966300,141
2018-09-06,53.66,54.349998,53.650002,54.209999,49.58115,7803400,142
2018-09-07,54.200001,54.959999,54.16,54.860001,50.175644,10231700,143
2018-09-10,54.939999,55.110001,54.57,54.970001,50.276245,8621000,144
2018-09-11,54.830002,55.400002,54.77,55.119999,50.413433,7873900,145
2018-09-12,55.200001,55.200001,54.330002,54.970001,50.276245,7297300,146
2018-09-13,55.119999,55.57,54.740002,54.889999,50.203072,8566600,147
2018-09-14,55,55,54.610001,54.75,50.075039,6827700,148
2018-09-17,54.700001,54.860001,54.279999,54.57,49.910408,9277200,149
2018-09-18,54.48,55.279999,54.099998,55.07,50.367706,7569600,150
2018-09-19,55.220001,55.790001,54.900002,55.43,50.696976,7451600,151
2018-09-20,55.599998,56.73,55.599998,56.43,51.611588,10582600,152
2018-09-21,56.549999,57.57,56.52,57.450001,52.544487,25800500,153
2018-09-24,56.939999,57.360001,56.580002,56.689999,51.849377,10616000,154
2018-09-25,56.98,57.290001,56.830002,56.900002,52.041454,9445500,155
2018-09-26,56.77,57.84,56.75,57.27,52.379856,7757300,156
2018-09-27,57.099998,57.790001,57.099998,57.34,52.443882,6606200,157
2018-09-28,57.389999,57.389999,56.779999,56.84,51.986565,8975900,158
2018-10-01,56.91,56.950001,55.529999,55.580002,50.83416,12726900,159
2018-10-02,55.549999,56.009998,55.290001,55.59,50.843311,12680800,160
2018-10-03,55.799999,56.110001,55.459999,55.470001,50.733559,7383500,161
2018-10-04,55.779999,56.080002,55.5,55.889999,51.117699,9722000,162
2018-10-05,55.950001,55.950001,55.310001,55.759998,50.998795,9734000,163
2018-10-08,55.82,56.75,55.450001,56.540001,51.712204,9623900,164
2018-10-09,56.830002,59.700001,56.810001,57.709999,52.782284,24855700,165
2018-10-10,57.669998,57.869999,55.939999,56.009998,51.227444,14190500,166
2018-10-11,55.700001,56.27,54.709999,54.860001,50.175644,15316900,167
2018-10-12,55.709999,56.779999,55.279999,56.450001,51.629883,13980500,168
2018-10-15,56.369999,57.189999,56.310001,56.75,51.904255,10175100,169
2018-10-16,56.939999,58.009998,56.77,57.810001,52.873753,11731400,170
2018-10-17,57.900002,59.400002,57.779999,59.099998,54.053608,14631000,171
2018-10-18,59,59.529999,58.150002,58.639999,53.632881,12184700,172
2018-10-19,58.389999,59.07,58.389999,58.66,53.651169,10180500,173
2018-10-22,58.93,59.360001,58.580002,58.900002,53.870674,8680200,174
2018-10-23,58.360001,59.299999,58.209999,58.810001,53.788361,12834200,175
2018-10-24,58.57,59.279999,57.950001,58.060001,53.102406,12189700,176
2018-10-25,58.290001,59.470001,57.700001,58.959999,53.925549,9569600,177
2018-10-26,58.040001,58.360001,57.389999,58.07,53.111542,13367600,178
2018-10-29,58.68,59.68,57.700001,58.369999,53.385929,14412800,179
2018-10-30,58.43,58.869999,57.689999,58.59,53.587143,14230100,180
2018-10-31,58.98,59.119999,58.209999,58.27,53.294472,11560400,181
2018-11-01,58.299999,59.07,58.07,58.630001,53.62373,18772400,182
2018-11-02,61.990002,65.68,61.900002,64.32,58.827877,45573000,183
2018-11-05,63.93,65.129997,63.82,64.480003,58.974213,23242600,184
2018-11-06,64.300003,66.080002,64.25,66.010002,60.373573,16065400,185
2018-11-07,66.290001,68.209999,66.040001,68.160004,62.339985,16465000,186
2018-11-08,67.779999,68.980003,67.629997,68.720001,62.852177,14081700,187
2018-11-09,68.489998,68.959999,68.080002,68.599998,62.74242,8637200,188
2018-11-12,68.440002,68.940002,67.800003,67.910004,62.111336,12789600,189
2018-11-13,67.940002,68.279999,67.099998,67.410004,61.654037,16637000,190
2018-11-14,67.300003,67.949997,66.730003,67.040001,61.644833,13350500,191
2018-11-15,66.709999,67.760002,66.360001,67.620003,62.178165,15246500,192
2018-11-16,67.300003,68.529999,67.089996,68.160004,62.674709,9287900,193
2018-11-19,68.099998,68.470001,67.230003,67.910004,62.444805,10855400,194
2018-11-20,67.389999,67.879997,66.760002,67.18,61.773556,11208900,195
2018-11-21,67.470001,67.980003,66.75,66.769997,61.396557,10978100,196
2018-11-23,66.239998,66.239998,65.260002,65.699997,60.412674,7779800,197
2018-11-26,65.980003,66.120003,65.209999,65.690002,60.403477,13066800,198
2018-11-27,65.459999,66.550003,65.309998,66.080002,60.762085,13169100,199
2018-11-28,66.18,66.989998,65.480003,66.82,61.442532,12867600,200
2018-11-29,66.68,67.279999,66.120003,66.879997,61.497704,9605500,201
2018-11-30,66.860001,67.379997,66.650002,66.720001,61.350594,27308900,202
2018-12-03,67.370003,68.059998,66.660004,67.5,62.067818,13834300,203
2018-12-04,67.470001,68.150002,66.449997,66.650002,61.286224,13555100,204
2018-12-06,66.129997,66.669998,65.589996,66.550003,61.194263,17222200,205
2018-12-07,66.169998,66.639999,65.199997,65.470001,60.20118,11057500,206
2018-12-10,65.470001,65.800003,64.449997,65.489998,60.219574,12148300,207
2018-12-11,66.220001,66.919998,65.519997,65.919998,60.614964,10903100,208
2018-12-12,66,66.93,66,66.129997,60.808071,11115800,209
2018-12-13,66.290001,67.220001,66.129997,66.910004,61.525307,10016200,210
2018-12-14,64.440002,65.839996,63.580002,65.339996,60.081631,16834000,211
2018-12-17,65,65.629997,64.080002,64.470001,59.281662,15143100,212
2018-12-18,64.769997,65.400002,64.550003,64.919998,59.695442,10523500,213
2018-12-19,65.160004,65.900002,63.68,64.059998,58.904648,14390100,214
2018-12-20,63.610001,63.799999,61.450001,62.150002,57.148369,20264600,215
2018-12-21,62.310001,63.209999,61.380001,61.389999,56.44952,23524900,216
2018-12-24,61.48,61.82,60.419998,60.560001,55.686329,6323300,217
2018-12-26,60.950001,63.23,60.669998,63.080002,58.003521,16646200,218
2018-12-27,62.619999,63.240002,61.619999,63.200001,58.113861,11308100,219
2018-12-28,63.310001,64.120003,63.169998,63.389999,58.288574,7711900,220
2018-12-31,63.77,64.610001,63.66,64.400002,59.217285,7689800,221
2019-01-02,63.68,64.370003,63.209999,64.32,59.143726,10094000,222
2019-01-03,63.459999,63.720001,61.400002,61.529999,56.578251,14390100,223
2019-01-04,62.400002,64.25,62.080002,63.57,58.454086,12694400,224
2019-01-07,63.349998,64.239998,62.740002,63.57,58.454086,10337600,225
2019-01-08,63.939999,64.290001,63.049999,63.619999,58.500061,10809700,226
2019-01-09,63.650002,64.040001,62.950001,63.880001,58.739147,13080300,227
2019-01-10,63.610001,64.389999,63.240002,64.190002,59.024189,10397600,228
2019-01-11,62.290001,63.84,61.669998,63.73,58.601204,13805700,229
2019-01-14,63.349998,64.059998,62.98,63.369999,58.27018,9929600,230
2019-01-15,63.580002,64.629997,63.450001,64.080002,58.923046,7930400,231
2019-01-16,64.199997,64.82,63.75,63.77,58.637993,8091300,232
2019-01-17,63.68,64.389999,63.599998,64.279999,59.106956,6767100,233
2019-01-18,64.809998,64.809998,63.860001,64.699997,59.493149,9835200,234
2019-01-22,64.900002,66.209999,64.75,65.389999,60.127621,16414300,235
2019-01-23,65.879997,66.699997,65.809998,66.43,61.08392,12372400,236
2019-01-24,66.610001,66.760002,62.93,64.739998,59.52993,29719800,237
2019-01-25,67.029999,67.690002,66.099998,67.089996,61.690811,21885800,238
2019-01-28,66.190002,66.959999,65.910004,66.900002,61.516102,11537700,239
2019-01-29,67,67.5,66.199997,67.040001,61.644833,10703400,240
2019-01-30,67.110001,68.209999,67.050003,68.150002,62.665516,11702500,241
2019-01-31,68.18,69.489998,67.080002,68.139999,62.656311,24233300,242
2019-02-01,68.589996,69.32,68,68.110001,62.628723,10309200,243
2019-02-04,68.029999,68.110001,67.080002,67.580002,62.141373,13562400,244
2019-02-05,67.760002,69.410004,67.639999,69.339996,63.759727,12781600,245
2019-02-06,69.230003,69.389999,68.5,68.849998,63.639572,10283400,246
2019-02-07,68.599998,69.209999,68.480003,69.139999,63.907616,10109200,247
2019-02-08,68.769997,69.82,68.599998,69.75,64.471466,8862000,248
2019-02-11,70,70.470001,69.849998,69.989998,64.693314,9229700,249
2019-02-12,70.239998,70.459999,69.709999,69.75,64.471466,8848900,250
2019-02-13,69.809998,70.599998,69.800003,70.510002,65.173958,10264000,251
2019-02-14,70.129997,71.540001,69.970001,70.839996,65.478973,9441100,252
2019-02-15,71.150002,71.370003,70.190002,70.709999,65.358803,13924600,253
2019-02-19,70.459999,70.599998,69.779999,70.199997,64.887405,9208400,254
2019-02-20,70.230003,70.599998,70.050003,70.389999,65.063026,9671800,255
2019-02-21,70.139999,70.93,70.139999,70.699997,65.349548,10933500,256
2019-02-22,70.760002,71.389999,70.75,71.300003,65.904167,11311600,257
2019-02-25,71.900002,72.07,70.980003,71.050003,65.673073,12071200,258
2019-02-26,71,71.449997,70.919998,71.139999,65.756271,12302300,259
2019-02-27,70.830002,71.129997,69.919998,70.150002,64.841202,13274800,260
2019-02-28,70.139999,70.489998,69.779999,70.260002,64.942871,18956700,261
2019-03-01,70.629997,71.110001,70.449997,70.849998,65.488213,8067700,262
2019-03-04,70.989998,71.349998,70.370003,70.949997,65.58065,9219700,263
2019-03-05,71.190002,71.889999,71.059998,71.580002,66.162979,10496100,264
2019-03-06,71.809998,72.18,71.160004,71.269997,65.876434,7666100,265
2019-03-07,71.199997,71.360001,70.459999,70.610001,65.266388,7814700,266
2019-03-08,70.150002,70.269997,69.029999,69.360001,64.11097,12363900,267
2019-03-11,69.379997,70.010002,69.139999,69.68,64.406769,11518300,268
2019-03-12,69.739998,70.580002,69.690002,70.050003,64.748772,12751700,269
2019-03-13,70.089996,70.900002,69.980003,70.099998,64.794968,13798600,270
2019-03-14,70.190002,70.889999,70.190002,70.739998,65.386551,9249200,271
2019-03-15,70.800003,71.209999,70.540001,70.669998,65.321846,13096900,272
2019-03-18,70.779999,71.120003,70.440002,70.839996,65.478973,5682400,273
2019-03-19,70.949997,71.699997,70.870003,71.379997,65.978104,7810700,274
2019-03-20,71.800003,72.400002,71.339996,71.629997,66.209167,9512400,275
2019-03-21,71.32,72.440002,71.32,72.260002,66.791512,8044400,276
2019-03-22,72.050003,72.410004,71.690002,71.959999,66.514229,8022800,277
2019-03-25,72,72.480003,71.730003,72.300003,66.828491,6453800,278
2019-03-26,72.720001,73.190002,72.330002,72.959999,67.438538,7624000,279
2019-03-27,72.940002,73.260002,72.620003,72.739998,67.235184,7662700,280
2019-03-28,72.970001,73.980003,72.889999,73.959999,68.362862,6709600,281
2019-03-29,74.010002,74.480003,73.529999,74.339996,68.714096,9099500,282
2019-04-01,74.760002,74.93,73.730003,73.959999,68.362862,8108400,283
2019-04-02,74.010002,74.449997,73.839996,74.269997,68.649391,5520900,284
2019-04-03,74.559998,74.779999,73.870003,74.330002,68.704857,6755600,285
2019-04-04,74.5,74.669998,73.980003,74.349998,68.723351,5449800,286
2019-04-05,74.349998,75.080002,74.349998,75.029999,69.351891,5346200,287
2019-04-08,74.470001,75.300003,74.470001,75.199997,69.509018,5140400,288
2019-04-09,74.870003,75.230003,74.800003,75.120003,69.435074,4905800,289
2019-04-10,75.209999,75.82,75.209999,75.480003,69.767822,6066300,290
2019-04-11,75.75,76.07,75.650002,75.870003,70.128319,6042600,291
2019-04-12,76.099998,76.949997,76.07,76.650002,70.849289,5194800,292
2019-04-15,76.669998,76.699997,76.080002,76.160004,70.396362,7632200,293
2019-04-16,76.480003,76.559998,75.360001,75.699997,69.971176,8336600,294
2019-04-17,75.610001,75.959999,74.800003,75.120003,69.435074,9439000,295
2019-04-18,75.480003,76.260002,75.209999,76.059998,70.303925,6607800,296
2019-04-22,75.709999,76.059998,75.209999,75.400002,69.693886,4883100,297
2019-04-23,75.480003,76.059998,75.410004,75.989998,70.239235,5273900,298
2019-04-24,76.050003,76.879997,75.910004,76.389999,70.608963,9347300,299
2019-04-25,76.110001,77.230003,75.949997,77.110001,71.274467,11084500,300
2019-04-26,76.949997,77.519997,75.059998,77.449997,71.588737,12550500,301
2019-04-29,77.300003,77.669998,76.589996,76.910004,71.089622,5426800,302
2019-04-30,77,77.790001,76.690002,77.68,71.801346,7384400,303
2019-05-01,77.669998,78.150002,77.370003,77.519997,71.65345,6678000,304
2019-05-02,77.660004,77.760002,76.75,77.470001,71.607239,6247500,305
2019-05-03,77.589996,78.400002,77.339996,78.050003,72.143349,4967900,306
2019-05-06,77.199997,78.080002,77.019997,78.059998,72.15258,5607500,307
2019-05-07,77.57,78.739998,77.419998,77.959999,72.060143,8115800,308
2019-05-08,77.580002,78.639999,77.120003,78.050003,72.478027,7799900,309
2019-05-09,77.580002,78.230003,77.349998,77.900002,72.338745,7326600,310
2019-05-10,77.629997,78.800003,77.160004,78.419998,72.821617,6448600,311
2019-05-13,77.25,77.779999,76.080002,76.68,71.205826,9778500,312
2019-05-14,76.75,77.739998,76.68,77.059998,71.558693,6870900,313
2019-05-15,76.690002,77.940002,76.529999,77.760002,72.208725,5415500,314
2019-05-16,77.660004,79.239998,77.57,78.900002,73.267349,6941800,315
2019-05-17,78.519997,79.650002,78.370003,78.910004,73.276634,7379900,316
2019-05-20,78.300003,78.419998,76.57,76.660004,71.187248,11475000,317
2019-05-21,77.050003,77.849998,76.75,77.529999,71.995148,5808500,318
2019-05-22,77.199997,77.720001,76.910004,77.25,71.735153,5602300,319
2019-05-23,76.879997,76.940002,75.690002,76.410004,70.955093,9213200,320
2019-05-24,76.830002,77.059998,75.970001,76.150002,70.713661,5627600,321
2019-05-28,76.360001,76.68,75.32,75.699997,70.295769,16205200,322
2019-05-29,75.330002,75.489998,74.330002,75.279999,69.905769,10511600,323
2019-05-30,75.650002,76.43,75.629997,76.169998,70.732231,7178400,324
2019-05-31,75.599998,76.32,75.379997,76.059998,70.630074,7625700,325
2019-06-03,76.120003,76.529999,75.650002,76.220001,70.778656,8122200,326
2019-06-04,76.769997,78.760002,76.660004,78.519997,72.914474,11685000,327
2019-06-05,78.790001,79.970001,78.660004,79.959999,74.251663,7437100,328
2019-06-06,80.029999,81.629997,79.900002,81.400002,75.588852,10457200,329
2019-06-07,81.599998,83.330002,81.510002,82.480003,76.591774,11278800,330
2019-06-10,82.849998,82.860001,81.379997,81.93,76.081024,8102800,331
2019-06-11,82.300003,82.860001,81.849998,82.370003,76.489616,6226400,332
2019-06-12,82.589996,83.669998,82.32,82.93,77.009644,6088800,333
2019-06-13,83.330002,84.050003,83.019997,83.349998,77.399635,7156800,334
2019-06-14,83.540001,84.610001,83.389999,84.239998,78.22612,9226500,335
2019-06-17,84.650002,84.690002,82.889999,83.019997,77.093208,9313700,336
2019-06-18,83.550003,84.110001,82.889999,82.919998,77.000351,10582600,337
2019-06-19,83.080002,83.919998,82.080002,83.809998,77.826813,5401400,338
2019-06-20,84.410004,84.830002,83.830002,84.690002,78.64399,5215800,339
2019-06-21,84.43,84.769997,83.809998,83.82,77.836098,12610000,340
2019-06-24,84.080002,84.559998,83.610001,83.650002,77.678238,6692500,341
2019-06-25,84.199997,85.199997,83.959999,84.25,78.235397,7312300,342
2019-06-26,84.300003,84.300003,83.18,83.379997,77.427513,7576400,343
2019-06-27,83.550003,83.889999,83.209999,83.559998,77.594658,6084200,344
2019-06-28,83.559998,83.959999,83.32,83.830002,77.845398,6735300,345
2019-07-01,84.620003,84.959999,84.029999,84.550003,78.513992,7935100,346
2019-07-02,84.739998,85.589996,84.519997,85.510002,79.405449,6205800,347
2019-07-03,86.040001,87.82,85.980003,87.790001,81.52269,7818600,348
2019-07-05,87.5,87.889999,86.879997,87.790001,81.52269,5733100,349
2019-07-08,87.599998,87.949997,87.18,87.440002,81.197685,6359500,350
2019-07-09,87.290001,87.650002,86.889999,87.230003,81.002663,5355400,351
2019-07-10,87.419998,88.540001,87.419998,88.379997,82.070564,5293000,352
2019-07-11,88.660004,89.290001,88.269997,89.07,82.711311,6191400,353
2019-07-12,89.279999,89.82,88.849998,89.769997,83.361336,5628000,354
2019-07-15,89.870003,90.339996,89.660004,90.160004,83.72348,6061300,355
2019-07-16,90.220001,90.480003,89.589996,90.080002,83.6492,5591900,356
2019-07-17,90.080002,90.379997,89.730003,90.25,83.807076,4635900,357
2019-07-18,90.330002,91.540001,89.949997,91.5,84.967819,6470200,358
2019-07-19,91.410004,91.610001,90.230003,90.300003,83.853493,10804800,359
2019-07-22,90.519997,91.18,90.050003,90.919998,84.429222,5636600,360
2019-07-23,91.25,91.360001,89.169998,90.110001,83.677063,7609200,361
2019-07-24,89.900002,90.75,89.68,90.650002,84.178513,5388100,362
2019-07-25,91.489998,91.550003,90.470001,90.980003,84.484962,8106300,363
2019-07-26,96.400002,99.720001,95.209999,99.110001,92.034554,20846500,364
2019-07-29,98.050003,98.940002,97.209999,98.019997,91.022354,11184500,365
2019-07-30,97.5,98.279999,96.519997,96.650002,89.750168,7248300,366
2019-07-31,96.650002,96.650002,93.5,94.690002,87.930115,9912100,367
2019-08-01,95,97.580002,94.580002,95.379997,88.570831,8342300,368
2019-08-02,95,96.040001,94.800003,95.510002,88.691574,6381700,369
2019-08-05,94.510002,95.519997,93.029999,93.699997,87.010765,8917400,370
2019-08-06,94.309998,95.709999,93.800003,95.339996,88.533684,7438000,371
2019-08-07,94.599998,95.699997,94.169998,95.220001,88.757401,6414000,372
2019-08-08,95.230003,96.410004,94.440002,96.269997,89.73613,7423600,373
2019-08-09,96.150002,96.839996,95.419998,96.300003,89.764099,5209200,374
2019-08-12,95.779999,96.019997,94.300003,94.910004,88.46846,5513800,375
2019-08-13,94.519997,96.669998,94.209999,96.629997,90.071709,8915600,376
2019-08-14,95.910004,97.019997,94.870003,94.919998,88.477768,9989500,377
2019-08-15,95.5,96.269997,94.610001,95.529999,89.046364,5559400,378
2019-08-16,96.290001,96.830002,95.849998,96.519997,89.969154,4852200,379
2019-08-19,97.230003,97.410004,96.220001,96.660004,90.09967,5324900,380
2019-08-20,96.349998,97.120003,95.589996,95.629997,89.13958,6809100,381
2019-08-21,96.269997,96.650002,95.730003,96.32,89.782745,4740500,382
2019-08-22,96.589996,96.849998,95.699997,96.489998,89.9412,5146200,383
2019-08-23,96.410004,97.099998,94.389999,94.699997,88.272697,8076600,384
2019-08-26,95.379997,96.5,95,96.5,89.950531,5802600,385
2019-08-27,96.699997,97.099998,96.029999,96.089996,89.568352,6539800,386
2019-08-28,96.230003,97.209999,96,97.07,90.48185,4948800,387
2019-08-29,97.849998,98.07,97.059998,97.699997,91.069077,4514300,388
2019-08-30,98.139999,98.139999,96.110001,96.559998,90.006432,5209500,389
2019-09-03,96.419998,97.209999,96.050003,96.769997,90.202225,5150700,390
2019-09-04,94.480003,96.330002,93.029999,96.110001,89.586998,12937000,391
2019-09-05,96.540001,96.959999,95.169998,95.559998,89.074333,5514400,392
2019-09-06,95.75,96.339996,95.510002,95.739998,89.242119,3991800,393
2019-09-09,95.800003,95.93,93.739998,94.160004,87.769348,6523300,394
2019-09-10,93.809998,93.879997,89.300003,90.349998,84.217918,12490900,395
2019-09-11,90.18,91.449997,89.610001,90.980003,84.805168,8406600,396
2019-09-12,92.160004,93.32,91.769997,92.059998,85.811874,6862200,397
2019-09-13,92.150002,92.150002,90.32,90.480003,84.339104,6972300,398
2019-09-16,90.019997,90.449997,89.379997,89.419998,83.351051,6339200,399
2019-09-17,89.669998,91.459999,89.650002,90.75,84.590782,6493200,400
2019-09-18,90.980003,91.360001,90.059998,90.959999,84.78653,4510700,401
2019-09-19,90.989998,92.099998,90.300003,91.559998,85.34581,4843600,402
2019-09-20,91.610001,92.080002,90.059998,90.07,83.95694,10913800,403
2019-09-23,90.32,91.160004,89.93,90.809998,84.646713,4532400,404
2019-09-24,91.599998,91.769997,89.510002,89.919998,83.817116,5662600,405
2019-09-25,89.940002,90.610001,89.019997,90.349998,84.217918,4764000,406
2019-09-26,90.839996,91.150002,89.5,89.800003,83.705261,5026400,407
2019-09-27,90.300003,90.300003,87.790001,88.370003,82.372322,5987700,408
2019-09-30,88.410004,88.559998,87.610001,88.419998,82.418907,6588300,409
2019-10-01,88.629997,88.889999,86.449997,86.510002,80.63855,6719400,410
2019-10-02,85.949997,86.010002,84.160004,84.32,78.597176,9858200,411
2019-10-03,84.300003,84.910004,83.610001,84.669998,78.923431,5989000,412
2019-10-04,84.900002,85.970001,84.75,85.919998,80.0886,5869000,413
2019-10-07,85.709999,86.160004,85.489998,85.849998,80.023369,4382900,414
2019-10-08,85.489998,86.330002,84.690002,84.910004,79.147133,6100400,415
2019-10-09,85.370003,86.169998,85.279999,85.849998,80.023369,4427200,416
2019-10-10,85.910004,86.07,85.379997,85.959999,80.125877,3986000,417
2019-10-11,87.019997,87.25,86.260002,86.360001,80.498741,5611000,418
2019-10-14,86.5,87.68,86.400002,86.620003,80.741096,4881000,419
2019-10-15,87,87.25,85.760002,86.449997,80.582619,4695100,420
2019-10-16,86.529999,86.830002,86.050003,86.709999,80.824974,3698700,421
2019-10-17,86.879997,87.019997,86.160004,86.290001,80.433479,4359400,422
2019-10-18,86.349998,86.75,85.519997,86.029999,80.191132,4631200,423
2019-10-21,86,86.239998,85.080002,85.349998,79.557274,4861200,424
2019-10-22,85.230003,85.349998,83.389999,83.459999,77.795563,5767500,425
2019-10-23,84.309998,84.410004,82.129997,82.739998,77.124428,7136200,426
2019-10-24,82.800003,83.529999,82.660004,83.18,77.534561,4591100,427
2019-10-25,83.209999,83.57,82.629997,83.379997,77.72097,5235300,428
2019-10-28,84.470001,84.980003,83.360001,83.599998,77.926048,6653400,429
2019-10-29,83.809998,84.629997,83.639999,84.129997,78.420082,5699100,430
2019-10-30,84.610001,84.699997,83.32,84.190002,78.476006,8731300,431
2019-10-31,86.709999,87.220001,83.279999,84.559998,78.820892,14008800,432
2019-11-01,84.790001,85.309998,82.610001,83.209999,77.562508,10658500,433
2019-11-04,83.300003,83.440002,81.900002,82.370003,76.779533,8271200,434
2019-11-05,82.339996,82.339996,81.029999,81.889999,76.332115,7054400,435
2019-11-06,82.080002,83.370003,82,82.989998,77.357452,6365300,436
2019-11-07,83.059998,83.290001,81.839996,81.949997,76.388039,7221400,437
2019-11-08,82.190002,82.639999,81.449997,81.769997,76.220261,7054800,438
2019-11-11,81.75,82.529999,81.370003,82.43,76.83548,5828200,439
2019-11-12,82.690002,83.980003,82.610001,83.32,78.053291,8551400,440
2019-11-13,83.290001,84.290001,83.199997,83.940002,78.634094,7407900,441
2019-11-14,84.099998,84.519997,83.800003,84.379997,79.04628,5285100,442
2019-11-15,84.68,84.940002,83.57,84.209999,78.887016,7533000,443
2019-11-18,83.919998,84.110001,83.25,84.019997,78.70903,6432200,444
2019-11-19,84.059998,84.279999,83.57,83.660004,78.371803,6008400,445
2019-11-20,83.540001,84.489998,82.980003,83.599998,78.315582,6248700,446
2019-11-21,83.75,84.040001,81.760002,82.300003,77.097778,8300500,447
2019-11-22,82.690002,83.389999,82.660004,83.019997,77.77224,6080400,448
2019-11-25,83.160004,84,82.93,83.75,78.456108,5450400,449
2019-11-26,84.129997,84.650002,84,84.559998,79.214897,7651500,450
2019-11-27,84.849998,85.809998,84.419998,85.769997,80.348412,7502400,451
2019-11-29,85.910004,86.730003,85.25,85.43,80.029907,3857000,452
2019-12-02,85.379997,85.769997,83.82,84.57,79.224266,6425800,453
2019-12-03,84.029999,85,83.82,84.82,79.458481,6049800,454
2019-12-04,85.129997,85.540001,84.699997,85.400002,80.001823,5940300,455
2019-12-05,85.440002,85.480003,84.32,84.449997,79.111847,5170800,456
2019-12-06,85.029999,86.529999,85.029999,86.32,80.863647,8499800,457
2019-12-09,86.309998,86.629997,85.959999,86.279999,80.826195,7164700,458
2019-12-10,86.5,87.470001,85.910004,86.040001,80.601357,7944800,459
2019-12-11,86.260002,86.870003,85.849998,86.589996,81.116577,4921900,460
2019-12-12,88,88.889999,87.540001,88.209999,82.634186,10282100,461
2019-12-13,88.019997,88.790001,87.580002,88.669998,83.065125,6714100,462
2019-12-16,89.139999,89.300003,88.43,88.779999,83.168152,6705600,463
2019-12-17,88.870003,88.970001,87.470001,88.129997,82.559235,7296900,464
2019-12-18,88.389999,88.849998,87.82,87.989998,82.428085,5859200,465
2019-12-19,87.830002,88.589996,87.580002,88.519997,82.924591,6022100,466
2019-12-20,88.790001,89,87.889999,88.459999,82.868385,14271500,467
2019-12-23,88.620003,88.849998,88.18,88.230003,82.652939,4349700,468
2019-12-24,88.199997,88.599998,88,88.519997,82.924591,1847800,469
2019-12-26,88.730003,88.760002,87.790001,88.080002,82.512405,4177700,470
2019-12-27,88.110001,88.459999,87.690002,88.129997,82.559235,4129300,471
2019-12-30,88.010002,88.199997,87.059998,87.440002,81.912872,4655600,472
2019-12-31,87.440002,87.989998,87.309998,87.919998,82.362503,4115600,473
2020-01-02,88.120003,89.349998,88.050003,89.349998,83.70211,6473800,474
2020-01-03,88.660004,89.099998,88.099998,88.830002,83.214989,4874100,475
2020-01-06,88.110001,88.410004,87.470001,88.129997,82.559235,5409800,476
2020-01-07,87.959999,88.029999,87.129997,87.860001,82.30632,6514700,477
2020-01-08,87.940002,89.349998,87.779999,88.879997,83.261818,7296300,478
2020-01-09,90.25,91.160004,90.07,90.529999,84.807541,9443500,479
2020-01-10,90.800003,90.889999,89.629997,90.160004,84.460938,7097900,480
2020-01-13,90.620003,91.720001,90.209999,91.080002,85.322777,7382500,481
2020-01-14,91.190002,91.440002,90.860001,90.989998,85.238449,5855200,482
2020-01-15,91,92.059998,91,91.540001,85.753693,6145300,483
2020-01-16,91.989998,92.610001,91.629997,92.580002,86.727966,5180300,484
2020-01-17,92.93,93.75,92.809998,93.620003,87.702225,6962800,485
2020-01-21,92.830002,93.599998,92.190002,92.529999,86.681107,7094600,486
2020-01-22,93.139999,93.75,92.470001,92.529999,86.681107,6157400,487
2020-01-23,91.919998,93.849998,90.739998,93.75,87.823997,6100600,488
2020-01-24,94,94.129997,91.339996,92.029999,86.21273,7815500,489
2020-01-27,88.629997,89.449997,87.550003,88.730003,83.12133,11066500,490
2020-01-28,89.050003,89.190002,87.720001,88.599998,82.999527,11922400,491
2020-01-29,88.150002,88.440002,85.599998,86.720001,81.238358,17678700,492
2020-01-30,85.449997,86.589996,84.690002,85.839996,80.413994,12224900,493
2020-01-31,85.790001,85.989998,84.519997,84.830002,79.467842,11693900,494
2020-02-03,85.07,86.790001,85.07,86.010002,80.573257,9090600,495
2020-02-04,87.139999,89,86.620003,88.379997,82.793442,9997100,496
2020-02-05,88.879997,89.199997,86.629997,87.559998,82.407562,9982700,497
2020-02-06,87.650002,87.699997,86.150002,86.150002,81.080544,8901400,498
2020-02-07,85.760002,86.620003,85.32,86.419998,81.334648,8073900,499
2020-02-10,86.43,87.620003,86.169998,87.529999,82.379341,7289300,500
2020-02-11,87.860001,88.230003,87.349998,87.510002,82.360504,5098500,501
2020-02-12,87.709999,89.099998,87.389999,88.57,83.358124,7747800,502
2020-02-13,88.5,90.510002,88.260002,89.93,84.638107,8576600,503
2020-02-14,90.18,90.410004,88.989998,89.279999,84.02636,5686900,504
2020-02-18,89.370003,89.470001,88.290001,89.230003,83.979301,5288800,505
2020-02-19,89.489998,90.440002,89.300003,90.139999,84.835747,5210800,506
2020-02-20,89.730003,90.25,87.730003,88.599998,83.386368,5969200,507
2020-02-21,88,88.389999,87,87.360001,82.21933,5800500,508
2020-02-24,84.529999,86.050003,84.260002,84.519997,79.546463,8313600,509
2020-02-25,85.019997,85.349998,81.669998,82.190002,77.353561,9404000,510
2020-02-26,82.599998,83.239998,80.639999,80.669998,75.922989,10541500,511
2020-02-27,78.830002,80.870003,77.360001,78.290001,73.683052,17120800,512
2020-02-28,76.169998,78.809998,75.720001,78.43,73.814796,19108600,513
2020-03-02,77.919998,82.410004,77.660004,82.379997,77.532372,14258700,514
2020-03-03,82.300003,82.620003,78.110001,78.599998,73.974808,12395900,515
2020-03-04,79.290001,80.199997,77.879997,79.669998,74.981842,10999600,516
2020-03-05,77.900002,77.900002,75.279999,76.190002,71.706619,12545300,517
2020-03-06,73.459999,75.709999,72.050003,75.339996,70.906639,18080100,518
2020-03-09,70.580002,74.029999,70.080002,70.830002,66.662033,15930300,519
2020-03-10,72.559998,74.949997,70.029999,74.870003,70.464302,18414000,520
2020-03-11,72.830002,74.269997,67.400002,68.300003,64.280922,17138000,521
2020-03-12,62.950001,66.790001,61.459999,62.099998,58.445744,25170600,522
2020-03-13,65.650002,70.18,63.509998,69.919998,65.805573,19247200,523
2020-03-16,60.630001,63.950001,58.110001,58.59,55.142292,23354300,524
2020-03-17,59.549999,59.619999,53.610001,58.98,55.509338,25045200,525
2020-03-18,55.549999,57.650002,50.02,56.330002,53.015282,28770600,526
2020-03-19,56.23,63.360001,53.549999,61.41,57.796349,25167400,527
2020-03-20,62.299999,65.68,57.91,58.029999,54.61525,28420600,528
2020-03-23,57.23,57.439999,54,56.549999,53.222332,24905800,529
2020-03-24,62.610001,65.160004,61,64.879997,61.062153,28286200,530
2020-03-25,66.830002,69.639999,63.490002,65.809998,61.937428,22977200,531
2020-03-26,66.709999,71.580002,66.25,69.900002,65.786758,20997500,532
2020-03-27,66.68,68.25,64.82,66.339996,62.436241,18950500,533
2020-03-30,66.559998,68.220001,64.580002,67.860001,63.866795,14199700,534
2020-03-31,67.18,68.32,65.309998,65.739998,61.871555,20109800,535
2020-04-01,63,64.760002,61.580002,62.619999,58.935143,12880400,536
2020-04-02,65.75,68.699997,62.91,65,61.175091,18175000,537
2020-04-03,64.470001,64.75,60.900002,63.049999,59.339844,14676500,538
2020-04-06,66.269997,68.339996,64.410004,67.790001,63.800915,18010800,539
2020-04-07,71.57,72.480003,68.330002,68.709999,64.666779,13799400,540
2020-04-08,69.580002,71.919998,68.540001,71.57,67.358498,10417600,541
2020-04-09,71.199997,74.260002,70.139999,73.879997,69.532555,19748100,542
2020-04-13,73.519997,73.599998,70.349998,71.760002,67.537315,11191800,543
2020-04-14,73.690002,74.330002,72.660004,73.669998,69.334908,10912000,544
2020-04-15,72.010002,73.18,70.709999,72.550003,68.280815,10642500,545
2020-04-16,73.110001,73.760002,71.349998,73.510002,69.184334,11946800,546
2020-04-17,76.620003,77.389999,74.970001,77.099998,72.56308,14268400,547
2020-04-20,76.019997,76.980003,75.080002,75.32,70.887825,9684700,548
2020-04-21,73.400002,73.959999,71.739998,72.720001,68.440834,10345800,549
2020-04-22,74.550003,78.059998,74.43,77.449997,72.892471,11347000,550
2020-04-23,77.330002,77.669998,74.260002,75.150002,70.727829,15513400,551
2020-04-24,75.75,76.029999,74.209999,75.580002,71.13253,8456000,552
2020-04-27,76.68,78.040001,76.540001,77.739998,73.165421,8258500,553
2020-04-28,78.669998,79.610001,76.959999,78.690002,74.059532,12801400,554
2020-04-29,78.18,78.75,76.720001,76.860001,72.337204,24575500,555
2020-04-30,76.830002,77.639999,75.190002,76.730003,72.214851,15186000,556
2020-05-01,74.900002,75.879997,73.209999,73.790001,69.447838,11216700,557
2020-05-04,72.580002,72.620003,71.260002,71.889999,67.659653,12921800,558
2020-05-05,74.959999,75.080002,72.889999,72.900002,68.610237,12976000,559
2020-05-06,73.769997,74.849998,72.860001,72.959999,68.666687,12740900,560
2020-05-07,73.809998,76.029999,73.370003,76,71.93203,13360500,561
2020-05-08,77.25,77.93,75.760002,77.870003,73.70195,11917200,562
2020-05-11,76.620003,77.18,75.800003,75.870003,71.808983,9004500,563
2020-05-12,76,76.730003,74.339996,74.349998,70.370346,8549900,564
2020-05-13,74.459999,75.75,72.919998,73.620003,69.67942,11532700,565
2020-05-14,72.32,74.290001,70.650002,74.190002,70.218925,11932300,566
2020-05-15,72.809998,74.639999,72.669998,74.160004,70.190521,9489100,567
2020-05-18,76.860001,77.5,76.199997,76.230003,72.149727,8903200,568
2020-05-19,76.400002,77.220001,75.760002,75.860001,71.79953,6484900,569
2020-05-20,77.230003,77.839996,76.519997,77.760002,73.597832,7790500,570
2020-05-21,78.599998,79.379997,77.889999,78.050003,73.872314,10312600,571
2020-05-22,77.900002,78.050003,76.519997,77.620003,73.465324,7653300,572
2020-05-26,79.599998,79.919998,77.580002,77.760002,73.597832,8422200,573
2020-05-27,78.980003,78.980003,77.389999,78.599998,74.392868,8245300,574
2020-05-28,78.639999,80.059998,77.93,78.540001,74.336082,8331400,575
2020-05-29,78.620003,78.639999,77.260002,77.989998,73.815514,10043600,576
2020-06-01,77.660004,78.650002,76.769997,78.32,74.127853,7922000,577
2020-06-02,77.970001,78.260002,76.790001,77.779999,73.616753,9521000,578
2020-06-03,78.449997,79.949997,78.300003,79.580002,75.320412,9956700,579
2020-06-04,79.309998,80.169998,78.470001,78.739998,74.52536,7667600,580
2020-06-05,80.330002,82.330002,79.970001,82.139999,77.74337,12030800,581
2020-06-08,83.080002,83.620003,82.18,83.559998,79.087379,10229600,582
2020-06-09,82.620003,83.220001,81.760002,82.370003,77.961082,7999800,583
2020-06-10,79.879997,80.029999,78.199997,79.010002,74.780937,19683800,584
2020-06-11,75.75,76.790001,72.150002,72.57,68.685623,26422200,585
2020-06-12,75,76.720001,73.809998,76.379997,72.291702,18529800,586
2020-06-15,74.300003,77.910004,74.080002,76.959999,72.840645,14644700,587
2020-06-16,78.790001,78.940002,76.389999,77.839996,73.673546,10890100,588
2020-06-17,78.07,78.290001,76.68,77.099998,72.973145,6906700,589
2020-06-18,76.720001,76.790001,75.800003,76.309998,72.225441,8486000,590
2020-06-19,77.029999,77.379997,74.879997,75.400002,71.364159,12538600,591
2020-06-22,74.900002,75.650002,73.919998,75.400002,71.364159,8238600,592
2020-06-23,76.330002,76.370003,75.07,75.489998,71.449333,8076600,593
2020-06-24,74.900002,74.919998,72,73.639999,69.698341,12306400,594
2020-06-25,73.220001,74.110001,72.169998,73.849998,69.897118,8624800,595
2020-06-26,73.629997,73.769997,71.25,71.57,67.739143,17627800,596
2020-06-29,71.410004,73.5,71.059998,73.480003,69.546921,8653000,597
2020-06-30,73.580002,73.879997,72.809998,73.589996,69.651016,11324000,598
2020-07-01,74,74.690002,73.379997,74.029999,70.06749,6750000,599
2020-07-02,75.040001,75.089996,73.639999,73.779999,69.830841,6544400,600
2020-07-06,74.93,75.480003,74.160004,75.440002,71.402016,7235300,601
2020-07-07,75.129997,75.230003,74,74.25,70.275703,7515100,602
2020-07-08,74.07,74.5,73.330002,74.139999,70.171585,7346200,603
2020-07-09,73.730003,74.220001,71.93,73.57,69.632088,9618200,604
2020-07-10,73,74.559998,72.739998,74.290001,70.31356,7524200,605
2020-07-13,74.559998,74.839996,72.489998,72.650002,68.761345,9464500,606
2020-07-14,72,72.970001,71.82,72.730003,68.837074,8780900,607
2020-07-15,74.459999,75.809998,73.959999,75.610001,71.562904,10300700,608
2020-07-16,74.900002,75.139999,73.68,74.389999,70.408218,6649300,609
2020-07-17,74.43,74.550003,73.209999,74.160004,70.190521,6087500,610
2020-07-20,74.160004,75.220001,73.629997,74.959999,70.947685,8832700,611
2020-07-21,75.779999,76.800003,75.269997,75.440002,71.402016,10637500,612
2020-07-22,75.519997,77.330002,75.120003,77.239998,73.105652,9213100,613
2020-07-23,76.879997,77.07,74.900002,75.360001,71.326286,7795100,614
2020-07-24,75.279999,76,75.110001,75.779999,71.723793,5673400,615
2020-07-27,75.889999,76.709999,75.540001,76.459999,72.367416,6771100,616
2020-07-28,76.300003,76.389999,74.559998,74.639999,70.644821,12273400,617
2020-07-29,77.559998,78.489998,76.900002,77.419998,73.276031,15261100,618
2020-07-30,76.629997,76.980003,75.400002,76.639999,72.537766,7889800,619
2020-07-31,76.239998,76.540001,75.480003,76.529999,72.433662,7423800,620
2020-08-03,76.480003,76.599998,75.440002,75.5,71.458794,7138300,621
2020-08-04,75.370003,75.489998,74.760002,75.129997,71.108604,12792400,622
2020-08-05,75.349998,75.989998,75.330002,75.779999,71.723793,7780800,623
2020-08-06,75.199997,75.919998,74.940002,75.660004,71.999779,6764800,624
2020-08-07,75.480003,75.93,75.209999,75.790001,72.123474,6569300,625
2020-08-10,75.82,77.669998,75.809998,77.470001,73.722214,6604300,626
2020-08-11,78.269997,79.980003,78,78.870003,75.054497,10238500,627
2020-08-12,79.589996,79.690002,78.669998,79.290001,75.454163,5378000,628
2020-08-13,78.919998,79.639999,78.839996,79.019997,75.19722,4383400,629
2020-08-14,78.540001,78.93,78.019997,78.370003,74.578674,3771300,630
2020-08-17,78.599998,78.959999,78.120003,78.949997,75.130615,5360400,631
2020-08-18,79.150002,79.360001,78.349998,78.989998,75.168663,5272700,632
2020-08-19,79.18,79.389999,77.43,77.629997,73.874458,6840600,633
2020-08-20,77.029999,77.650002,76.459999,77.220001,73.484306,5099500,634
2020-08-21,76.940002,77.269997,76.690002,77.07,73.341583,5594100,635
2020-08-24,77.709999,79.139999,77.25,78.68,74.87368,5867400,636
2020-08-25,80.059998,83.07,79.790001,82.720001,78.718231,17659500,637
2020-08-26,82.419998,82.75,81.879997,82.410004,78.423225,7934300,638
2020-08-27,82.75,83.639999,82.5,83.410004,79.374855,9099200,639
2020-08-28,83.790001,85.290001,83.43,85,80.887924,9303900,640
2020-08-31,84.629997,85.360001,84.029999,84.470001,80.383568,6401600,641
2020-09-01,84.699997,86.089996,84.230003,86.050003,81.887146,8166100,642
2020-09-02,86.510002,88.75,86.290001,88.349998,84.075867,11378900,643
2020-09-03,88.599998,88.980003,85.690002,86.480003,82.296341,11036600,644
2020-09-04,87.089996,87.779999,85.309998,86.269997,82.096481,10349400,645
2020-09-08,85.269997,87.580002,84.769997,85.410004,81.278091,11083100,646
2020-09-09,85.93,86.830002,84.459999,85.860001,81.706329,6928700,647
2020-09-10,85.800003,87.07,84.529999,84.879997,80.773743,7552000,648
2020-09-11,84.949997,85.849998,84.150002,85.269997,81.144875,7103300,649
2020-09-14,85.75,87.059998,85.639999,86.629997,82.439072,5535800,650
2020-09-15,87.18,88.25,87.169998,87.709999,83.466827,8361900,651
2020-09-16,88,89.43,87.75,88.379997,84.104408,7146400,652
2020-09-17,87.050003,87.32,85.360001,86.75,82.553268,7386600,653
2020-09-18,86.809998,87.239998,84.599998,84.949997,80.840347,10113400,654
2020-09-21,82.860001,83.949997,81.75,83.889999,79.831627,7188800,655
2020-09-22,84.050003,84.389999,83.18,83.949997,79.888725,4465000,656
2020-09-23,84.379997,84.900002,82.82,82.989998,78.975174,6414700,657
2020-09-24,82.629997,84.139999,81.919998,83.040001,79.022751,4881500,658
2020-09-25,82.529999,84.690002,82.220001,84.300003,80.221809,5981500,659
2020-09-28,85.519997,86.239998,84.989998,86.07,81.906166,5976200,660
2020-09-29,86.25,86.25,84.629997,84.800003,80.697601,4064000,661
2020-09-30,86.629997,87.160004,85.470001,85.919998,81.76342,10134400,662
2020-10-01,87.040001,87.449997,86.199997,86.739998,82.543755,7241200,663
2020-10-02,85.150002,87.129997,85.089996,86.57,82.381981,5602300,664
2020-10-05,87.269997,88.68,87.199997,88.470001,84.190056,7004800,665
2020-10-06,88.650002,89.279999,86.800003,87.010002,82.80069,7951100,666
2020-10-07,87.82,88.980003,87.440002,88.449997,84.171021,5179300,667
2020-10-08,88.459999,89.610001,88.410004,89.529999,85.198792,4958800,668
2020-10-09,89.800003,90.330002,89.580002,90.010002,85.655579,6197700,669
2020-10-12,90.459999,91.099998,89.93,90.779999,86.388313,5909100,670
2020-10-13,90.580002,90.849998,89.769997,90.160004,85.798317,5732000,671
2020-10-14,90.169998,90.599998,88.559998,89.309998,84.989426,4760700,672
2020-10-15,88.160004,88.870003,87.669998,88.830002,84.532661,5002200,673
2020-10-16,89.389999,89.629997,88.440002,88.519997,84.23764,4721300,674
2020-10-19,88.699997,89.57,87.360001,87.599998,83.362152,5426600,675
2020-10-20,88.68,89.720001,88.040001,88.510002,84.228127,4939700,676
2020-10-21,88.379997,89.160004,88.190002,88.269997,83.999725,4119200,677
2020-10-22,88.019997,89.379997,87.699997,89.360001,85.03701,4257800,678
2020-10-23,89.800003,90.959999,89.440002,90.800003,86.407349,7811500,679
2020-10-26,90.029999,91.129997,88.650002,89.660004,85.322495,7756400,680
2020-10-27,89.480003,90.349998,89.169998,90.050003,85.693642,8027500,681
2020-10-28,88.650002,88.949997,86.610001,87.169998,82.95295,12738800,682
2020-10-29,87.169998,89.110001,86.610001,88.300003,84.028282,8440000,683
2020-10-30,87.75,88.389999,85.629997,86.959999,82.753105,11400700,684
2020-11-02,87.540001,87.769997,85.449997,85.970001,81.811012,8904900,685
2020-11-03,86.779999,89.059998,86.18,88.389999,84.113922,6910400,686
2020-11-04,88.900002,91.290001,88.739998,89.790001,85.446213,10509400,687
2020-11-05,90.690002,91.160004,89.900002,90.620003,86.236046,6169700,688
2020-11-06,90.150002,91.199997,89.779999,90.650002,86.26461,6626100,689
2020-11-09,97.32,97.650002,95.639999,95.879997,91.241585,16225800,690
2020-11-10,93.739998,95.269997,93.139999,93.919998,89.797859,10474700,691
2020-11-11,94.110001,95.830002,94.019997,95.040001,90.868706,8296500,692
2020-11-12,94.660004,94.760002,92.660004,93.529999,89.424973,7058400,693
2020-11-13,94.379997,95.589996,93.699997,95.559998,91.365875,5516100,694
2020-11-16,96.790001,97.809998,96.019997,97.779999,93.488449,9371300,695
2020-11-17,97.209999,98.779999,96.809998,98.599998,94.272453,8722300,696
2020-11-18,98.629997,99.330002,97.910004,97.910004,93.612747,6039500,697
2020-11-19,97.239998,97.919998,96.860001,97.760002,93.46933,4252300,698
2020-11-20,97.419998,97.540001,96.949997,97.010002,92.752243,4609700,699
2020-11-23,97.620003,97.860001,96.419998,96.879997,92.627945,4803200,700
2020-11-24,97.510002,98.720001,97.400002,98.300003,93.985634,6319900,701
2020-11-25,98.5,98.540001,97.940002,98.199997,93.890022,4027100,702
2020-11-27,98.480003,98.980003,98.279999,98.660004,94.329826,2169700,703
2020-11-30,98.199997,98.290001,96.959999,98.019997,93.717918,5197300,704
2020-12-01,99,99.260002,98.25,98.82,94.482803,4970000,705
2020-12-02,98.510002,99.040001,98.209999,98.910004,94.568863,3377900,706
2020-12-03,99.019997,101,98.970001,100.110001,95.716194,6264100,707
2020-12-04,101.349998,102.940002,101.07,102.279999,97.790947,6952700,708
2020-12-07,102.010002,102.220001,100.690002,101.410004,96.959129,4514800,709
2020-12-08,100.370003,101.57,100.010002,101.209999,96.767891,3911300,710
2020-12-09,101.940002,102.209999,100.099998,100.400002,95.993462,6629900,711
2020-12-10,103.510002,106.089996,102.75,105.389999,100.764435,12939200,712
2020-12-11,104.410004,104.779999,102.330002,103,98.479347,6262600,713
2020-12-14,103.830002,104.709999,103.25,103.32,98.785301,5156200,714
2020-12-15,104.239998,104.860001,103.779999,104.18,99.607552,5195200,715
2020-12-16,104.099998,104.800003,102.720001,103.269997,98.737488,6409300,716
2020-12-17,103.550003,104.040001,102.610001,103.209999,98.680122,4535700,717
2020-12-18,103.330002,104.110001,102.949997,103.279999,98.747055,10215000,718
2020-12-21,101.220001,103.150002,100.019997,102.940002,98.421989,7175900,719
2020-12-22,102.120003,103.169998,101.889999,102.410004,97.915245,4302700,720
2020-12-23,102.290001,102.690002,101.970001,102.059998,97.580597,3817300,721
2020-12-24,102.300003,102.360001,101.68,102.010002,97.532791,1949200,722
2020-12-28,102.919998,104.379997,102.309998,104.339996,99.760529,5055200,723
2020-12-29,104.889999,105.779999,104.470001,105.629997,100.993912,4780900,724
2020-12-30,105.989998,106.620003,105.779999,105.970001,101.319,3654100,725
2020-12-31,106,107.139999,105.620003,106.980003,102.284668,3566300,726
2021-01-04,107.660004,107.75,102.139999,103.099998,98.574959,8041500,727
2021-01-05,102.919998,104.260002,102.800003,103.440002,98.900032,5721900,728
2021-01-06,102.989998,105.209999,102.910004,104.190002,99.617111,5017200,729
2021-01-07,104.489998,104.639999,102.949997,103.349998,98.813972,5057000,730
2021-01-08,103.860001,105.760002,103.419998,105.669998,101.03215,5869700,731
2021-01-11,105.099998,105.639999,104.269997,104.599998,100.009117,4257400,732
2021-01-12,104.010002,104.32,102.309998,102.82,98.307243,4332600,733
2021-01-13,102.32,103.379997,101.489998,102.889999,98.374161,4804500,734
2021-01-14,103.800003,104.190002,101.709999,101.82,97.351135,4528300,735
2021-01-15,101.379997,102.690002,101.209999,102.330002,97.838753,5522900,736
2021-01-19,102.800003,103.599998,101.339996,102.540001,98.039536,6519600,737
2021-01-20,102.410004,105.849998,102.199997,105.459999,100.831375,5844300,738
2021-01-21,105.459999,105.489998,104.449997,104.580002,99.989998,5731500,739
2021-01-22,104.160004,104.470001,103.059998,103.910004,99.349411,5231600,740
2021-01-25,103.75,103.949997,102.169998,103.449997,98.909592,5009000,741
2021-01-26,103.400002,105.209999,103.239998,104.690002,100.095169,7195300,742
2021-01-27,101.480003,101.779999,96.730003,97.870003,93.574509,18139500,743
2021-01-28,98.940002,100.529999,98.099998,98.150002,93.842209,8868200,744
2021-01-29,97.389999,97.790001,95.919998,96.809998,92.561012,8203000,745
2021-02-01,96.989998,99.620003,96.919998,98.580002,94.253342,7206300,746
2021-02-02,99.050003,102.480003,98.779999,101.650002,97.188599,6917700,747
2021-02-03,101.25,102.650002,100.809998,101.019997,96.586243,3934800,748
2021-02-04,101.360001,104.239998,101.110001,103.639999,99.091255,6926800,749
2021-02-05,105.089996,107.540001,104.779999,106.480003,101.80661,8072100,750
2021-02-08,106.419998,106.529999,105.339996,106.260002,101.596268,4836600,751
2021-02-09,106,106.830002,105.220001,106.220001,101.558029,4095200,752
2021-02-10,106.779999,106.900002,104.93,105.870003,101.223381,4293200,753
2021-02-11,106.120003,106.230003,105.029999,105.860001,101.213821,2976000,754
2021-02-12,105.739998,105.940002,104.720001,105.300003,100.678406,3169800,755
2021-02-16,104.879997,106.589996,104.699997,106.150002,101.491089,4928100,756
2021-02-17,105.110001,105.459999,104.150002,104.440002,100.281265,5733800,757
2021-02-18,103.779999,105.339996,103.410004,104.970001,100.790154,4098700,758
2021-02-19,104.75,105.279999,103.220001,103.370003,99.253868,4128900,759
2021-02-22,102.989998,102.989998,101.75,101.809998,97.755989,5211800,760
2021-02-23,103.339996,103.339996,99.93,101.370003,97.333511,8740300,761
2021-02-24,101.160004,104.510002,100.599998,104.379997,100.22364,7542700,762
2021-02-25,104,105.769997,103.110001,103.470001,99.349892,7534000,763
2021-02-26,104.150002,109.480003,103.68,108.029999,103.72831,15122900,764
2021-03-01,108.599998,110.470001,106.540001,106.870003,102.614487,7930300,765
2021-03-02,107.309998,108.25,105.82,107.199997,102.931351,5016800,766
2021-03-03,106.940002,107.959999,106.120003,106.220001,101.990395,5313400,767
2021-03-04,106.260002,107.169998,103.849998,104.889999,100.713341,7211800,768
2021-03-05,106.059998,106.059998,102.75,105.199997,101.010986,5559900,769
2021-03-08,104.800003,106.889999,104.230003,105.029999,100.847763,5119500,770
2021-03-09,106.279999,107.970001,105.830002,106.550003,102.307251,5510900,771
2021-03-10,107.220001,109.07,106.959999,107.779999,103.488251,6077000,772
2021-03-11,108.410004,108.57,107.260002,107.32,103.046585,4670700,773
2021-03-12,107.419998,107.989998,106.580002,107.809998,103.517059,3356000,774
2021-03-15,107.889999,108.949997,107.059998,108.900002,104.563683,7107300,775
2021-03-16,110.57,112.339996,109.889999,111.339996,106.906494,11376200,776
2021-03-17,111.309998,111.459999,108.93,110.459999,106.061546,10128400,777
2021-03-18,109.279999,110.269997,107.5,107.620003,103.334641,7813400,778
2021-03-19,108.349998,108.849998,105.830002,106.339996,102.105598,21452000,779
2021-03-22,106.400002,108.419998,106,107.57,103.286629,7605100,780
2021-03-23,107.739998,107.949997,105.669998,106.25,102.019188,5657800,781
2021-03-24,106.629997,107.279999,104.940002,104.970001,100.790154,5731300,782
2021-03-25,105.010002,107.699997,104.059998,107.349998,103.075394,8149000,783
2021-03-26,107.25,110,107.18,109.900002,105.523857,6167600,784
2021-03-29,109.010002,110.25,106.589996,109.129997,104.7845,5167100,785
2021-03-30,108.419998,110.449997,108.279999,110.269997,105.879112,4552900,786
2021-03-31,110.330002,111.620003,109.190002,109.269997,104.91893,6478400,787
2021-04-01,110.059998,110.059998,108.199997,109.379997,105.024544,5793000,788
2021-04-05,109.910004,111.349998,109.870003,111.019997,106.599236,6913100,789
2021-04-06,111.379997,113.82,111.099998,113.150002,108.644424,6745200,790
2021-04-07,112.910004,113.760002,112.650002,113.190002,108.682838,5629600,791
2021-04-08,113.650002,113.959999,112.68,113.040001,108.538818,5011300,792
2021-04-09,112.910004,113.269997,111.970001,113.18,108.673241,4114300,793
2021-04-12,113.019997,113.889999,112.769997,113.809998,109.278145,4707800,794
2021-04-13,113.779999,115.599998,113.68,115.360001,110.766434,4607400,795
2021-04-14,115.220001,116.239998,114.720001,115.160004,110.574402,3994600,796
2021-04-15,115.099998,116.889999,114.779999,116.660004,112.014679,5079100,797
2021-04-16,117.82,118.5,116.940002,118.339996,113.627769,5777900,798
2021-04-19,118.169998,118.980003,117.040001,117.599998,112.917229,4889700,799
2021-04-20,116.959999,117.260002,115.349998,116.269997,111.64019,5662400,800
2021-04-21,116.089996,117.260002,115.860001,116.739998,112.091484,4397400,801
2021-04-22,116.870003,116.879997,115.230003,115.919998,111.304123,5744900,802
2021-04-23,116.019997,117.980003,115.839996,117.559998,112.878822,4555800,803
2021-04-26,116.949997,117.25,115.059998,115.919998,111.304123,5924900,804
2021-04-27,115.669998,116.389999,115.269997,116.150002,111.524979,7260900,805
2021-04-28,113.440002,114.150002,111.610001,112.400002,107.924294,14793500,806
2021-04-29,113.209999,115.150002,112.760002,114.629997,110.065491,8936600,807
2021-04-30,114,114.949997,113.489998,114.489998,109.931061,6478700,808
2021-05-03,115.18,116.739998,115.129997,115.720001,111.112099,5049800,809
2021-05-04,115.150002,115.400002,113.540001,114.110001,109.5662,6265100,810
2021-05-05,114.209999,114.879997,113.160004,113.480003,108.961281,4677700,811
2021-05-06,113.650002,114.809998,113.099998,114.739998,110.171112,4113300,812
2021-05-07,115.110001,115.839996,114.239998,114.339996,109.787056,4867500,813
2021-05-10,114.57,116.089996,114.209999,114.300003,109.748642,5759500,814
2021-05-11,113.32,113.690002,112.169998,113.550003,109.028511,7775400,815
2021-05-12,111.870003,112.389999,109.559998,109.790001,105.837654,7965300,816
2021-05-13,110.160004,111.18,109.160004,110.489998,106.512466,7999400,817
2021-05-14,111.010002,111.589996,110.25,111.199997,107.196899,6836300,818
2021-05-17,111.220001,111.269997,109.830002,110.980003,106.984833,4521200,819
2021-05-18,111.370003,112.209999,111.010002,111.07,107.071579,5177300,820
2021-05-19,109.599998,109.940002,108.879997,109.669998,105.721985,5997400,821
2021-05-20,109.980003,111.690002,109.870003,111.410004,107.399353,5345500,822
2021-05-21,111.629997,112.220001,110.57,110.919998,106.926987,5146500,823
2021-05-24,111.800003,113.029999,111.519997,112.519997,108.469376,5476100,824
2021-05-25,112.919998,113.150002,112.18,112.629997,108.575417,5391800,825
2021-05-26,113.300003,113.870003,112.629997,112.849998,108.787491,3841600,826
2021-05-27,113.470001,114.089996,112.760002,113.510002,109.423744,7378400,827
2021-05-28,114.349998,114.349998,113.050003,113.879997,109.780418,4239800,828
2021-06-01,114.559998,114.620003,113.099998,113.339996,109.25985,4306900,829
2021-06-02,113.709999,113.709999,112.75,113,108.932106,5045000,830
2021-06-03,112.010002,112.239998,110.150002,111.120003,107.119781,5723900,831
2021-06-04,111.620003,112.07,111.050003,111.989998,107.958466,4477500,832
2021-06-07,111.980003,112.279999,110.989998,111.330002,107.322227,4009000,833
2021-06-08,111.379997,111.989998,110.860001,111.519997,107.505371,4669800,834
2021-06-09,111.739998,112.190002,111.330002,111.389999,107.380058,3669400,835
2021-06-10,111.800003,112.43,111.440002,112.209999,108.17054,3833200,836
2021-06-11,112.279999,112.830002,112.190002,112.559998,108.507935,3231200,837
2021-06-14,112.779999,113.230003,111.5,112.449997,108.401901,4222400,838
2021-06-15,112.459999,112.5,111.559998,111.889999,107.862061,3487300,839
2021-06-16,112.419998,112.57,110.199997,111.360001,107.351143,4822000,840
2021-06-17,111,111.949997,110.709999,111.389999,107.380058,4008500,841
2021-06-18,110.739998,110.75,109.260002,109.699997,105.750893,7024400,842
2021-06-21,110,111.370003,109.68,110.970001,106.975189,5628500,843
2021-06-22,111.07,112.260002,110.599998,111.849998,107.823502,3583500,844
2021-06-23,111.279999,111.970001,111.139999,111.559998,107.543938,3552100,845
2021-06-24,111.779999,112.910004,111.779999,111.989998,107.958466,3840000,846
2021-06-25,112.75,113.220001,112.220001,113.040001,108.970665,12171200,847
2021-06-28,112.93,113.050003,111.449997,112.239998,108.199463,4546600,848
2021-06-29,112.07,112.690002,111.529999,112.269997,108.228386,3789500,849
2021-06-30,112.339996,112.589996,111.269997,111.809998,107.784935,6759100,850
2021-07-01,111.949997,113.489998,111.809998,113.410004,109.327347,4810600,851
2021-07-02,113.970001,115.300003,113.709999,114.970001,110.831184,4722000,852
2021-07-06,115.080002,115.849998,114.32,115.730003,111.56382,5294700,853
2021-07-07,115.879997,117.769997,115.650002,117.139999,112.923073,5382300,854
2021-07-08,115.449997,116.760002,115.239998,115.989998,111.814453,4486100,855
2021-07-09,116.059998,117.739998,116,117.470001,113.24118,3533600,856
2021-07-12,117.75,118.779999,117.389999,118.459999,114.195549,5683400,857
2021-07-13,118.540001,119.989998,118.449997,119.550003,115.246307,5529300,858
2021-07-14,119.940002,120.830002,119.68,119.800003,115.487312,5701800,859
2021-07-15,119.290001,119.580002,118.18,118.970001,114.687187,6467500,860
2021-07-16,119.68,120.480003,118.5,118.730003,114.455826,5024800,861
2021-07-19,117.540001,117.550003,114.330002,115.32,111.168587,7731300,862
2021-07-20,115.629997,118.07,115.330002,117.419998,113.192978,5117800,863
2021-07-21,117.540001,119.650002,117.480003,119.269997,114.976387,4377500,864
2021-07-22,119.339996,122.919998,119.07,122.629997,118.215424,7172300,865
2021-07-23,124.550003,126.32,123.919998,125.970001,121.435204,7934200,866
2021-07-26,125.739998,126.099998,124.25,126.059998,121.52195,4827500,867
2021-07-27,126.080002,126.160004,124.809998,126.029999,121.493034,6110900,868
2021-07-28,122.559998,123.330002,121.389999,122.410004,118.003349,11747000,869
2021-07-29,122.93,123.470001,122.139999,122.379997,117.974426,6618400,870
2021-07-30,122.190002,122.980003,121.099998,121.43,117.058624,5712300,871
2021-08-02,122.029999,122.980003,120.07,120.370003,116.036797,5996800,872
2021-08-03,120.57,120.75,117.519997,119.129997,114.841431,6030500,873
2021-08-04,119.129997,119.209999,117.57,118.25,113.993118,6675500,874
2021-08-05,118.720001,119.089996,118.110001,119.029999,114.745018,4281900,875
2021-08-06,119.139999,119.209999,118.080002,119.050003,114.764313,6832600,876
2021-08-09,118.989998,119.019997,117.75,117.940002,113.694267,4557900,877
2021-08-10,118.389999,118.5,115.980003,116.389999,112.200066,9839700,878
2021-08-11,116.339996,117.290001,115.900002,116.5,112.741997,6472300,879
2021-08-12,116.410004,116.779999,115.510002,115.75,112.016197,4358300,880
2021-08-13,115.940002,116.830002,115.400002,116.760002,112.993614,4361700,881
2021-08-16,116.690002,117.730003,116.410004,117.540001,113.748451,5976000,882
2021-08-17,116.620003,116.940002,115.559998,116.57,112.809746,4719800,883
2021-08-18,116.279999,116.739998,115.599998,115.68,111.948448,4520500,884
2021-08-19,114.510002,115.07,113.610001,114.32,110.632324,5317100,885
2021-08-20,113.980003,115,113.660004,114.629997,110.93232,3486300,886
2021-08-23,114.709999,115.459999,114.709999,115.150002,111.435547,4235100,887
2021-08-24,115.389999,115.849998,114.940002,115.080002,111.367813,3447300,888
2021-08-25,115.589996,115.989998,115,115.57,111.841995,3881500,889
2021-08-26,115.620003,115.769997,113.860001,114.32,110.632324,5188200,890
2021-08-27,114.610001,115.389999,114.18,115.120003,111.406525,4204700,891
2021-08-30,115.610001,115.82,114.629997,115.610001,111.880707,3078200,892
2021-08-31,115.769997,117.599998,115.650002,117.489998,113.700066,6995500,893
2021-09-01,118.010002,118.330002,117.279999,117.449997,113.661362,4402700,894
2021-09-02,118.290001,118.360001,116.900002,117.370003,113.583939,3801900,895
2021-09-03,116.839996,117.580002,116.339996,117.190002,113.409752,2921300,896
2021-09-07,117.089996,117.129997,115.470001,115.790001,112.054909,4264900,897
2021-09-08,116.099998,118.190002,115.510002,118.040001,114.23233,5548400,898
2021-09-09,117.980003,120.07,117.800003,118.790001,114.958138,4711200,899
2021-09-10,119.349998,120.760002,118.889999,119.339996,115.490379,6517900,900
2021-09-13,119.889999,120.150002,118.559998,119.18,115.335556,4381100,901
2021-09-14,119.720001,119.860001,118.360001,118.860001,115.025879,4722800,902
2021-09-15,116.959999,117.019997,113.120003,114.639999,110.942001,11556200,903
2021-09-16,114.790001,115.269997,113.190002,114.669998,110.971031,7997000,904
2021-09-17,114.540001,114.849998,113.120003,113.410004,109.751686,9261000,905
2021-09-20,111.349998,112.269997,110.379997,111.82,108.212975,7795200,906
2021-09-21,111.919998,113.599998,111.75,112.220001,108.600075,5468400,907
2021-09-22,113.059998,114.029999,112.32,113.07,109.422638,4578200,908
2021-09-23,113.389999,114.709999,113.099998,114.139999,110.45813,3842000,909
2021-09-24,114.129997,114.860001,113.760002,114.110001,110.429092,3955000,910
2021-09-27,113.610001,114.669998,112.910004,113.68,110.01297,3988800,911
2021-09-28,112.68,113,111.080002,111.709999,108.106522,5917700,912
2021-09-29,111.900002,112.519997,111.57,112.169998,108.551674,4389100,913
2021-09-30,111.519997,112.160004,110.309998,110.309998,106.751671,5974500,914
2021-10-01,110.889999,113.459999,110.540001,112.919998,109.277489,5636900,915
2021-10-04,112.43,113.080002,111.019997,111.459999,107.864578,4497700,916
2021-10-05,111.129997,111.480003,110.029999,110.849998,107.274254,5884000,917
2021-10-06,110.18,112.019997,109.480003,111.639999,108.038765,5734500,918
2021-10-07,112.379997,112.980003,112.050003,112.209999,108.590378,5549500,919
2021-10-08,112.580002,112.660004,111.129997,111.220001,107.632324,3787000,920
2021-10-11,112.889999,113.559998,110.919998,110.940002,107.361359,5987300,921
2021-10-12,111.720001,111.870003,110.660004,111,107.419411,3866800,922
2021-10-13,111.389999,111.480003,109.410004,110.760002,107.187164,4806500,923
2021-10-14,111.080002,112.610001,111.010002,111.870003,108.261353,5194900,924
2021-10-15,112.449997,112.919998,110.949997,111.449997,107.854912,5860900,925
2021-10-18,111.440002,113.57,110.959999,113.370003,109.712967,4958400,926
2021-10-19,113.739998,114.540001,112.760002,113.489998,109.829094,5799300,927
2021-10-20,113.059998,115.110001,112.709999,113.860001,110.187164,7645200,928
2021-10-21,113.93,114.559998,113.610001,114.440002,110.748459,3684300,929
2021-10-22,114.410004,114.980003,114.07,114.550003,110.854904,3396400,930
2021-10-25,114.739998,114.879997,113.360001,114.709999,111.009743,4290600,931
2021-10-26,114.919998,115.279999,114.25,114.919998,111.212967,5948000,932
2021-10-27,115.57,115.57,113.080002,113.510002,109.848457,5853900,933
2021-10-28,113.739998,114.599998,112.459999,113.199997,109.548439,7697600,934
2021-10-29,107.5,107.989998,104.019997,106.07,102.648438,27419600,935
2021-11-01,107.230003,110.150002,107.199997,109.800003,106.258133,14184600,936
2021-11-02,110.25,111.82,109.790001,111.449997,107.854912,11538900,937
2021-11-03,111.330002,112.919998,110.110001,112.610001,108.977493,6422600,938
2021-11-04,111.599998,112.419998,110.93,112.160004,108.542,8212600,939
2021-11-05,113.239998,117.330002,113.139999,116.910004,113.138779,10256800,940
2021-11-08,116.519997,117.470001,114.57,115.160004,111.445244,8753300,941
2021-11-09,114.650002,115.599998,113.370003,114.129997,110.448441,6754700,942
2021-11-10,112.910004,114.459999,112.599998,113.25,110.069405,6563700,943
2021-11-11,113.25,113.25,110.540001,111.440002,108.310234,7191900,944
2021-11-12,111.739998,112.239998,111.089996,111.720001,108.582359,7350400,945
2021-11-15,112.120003,113.650002,111.580002,111.870003,108.728165,6566100,946
2021-11-16,112.279999,113.110001,111.510002,112.230003,109.078049,7965000,947
2021-11-17,112.220001,113.110001,111.660004,112.519997,109.359901,5768600,948
2021-11-18,112.120003,113.230003,111.339996,112.900002,109.729233,5632100,949
2021-11-19,112.730003,112.900002,109.769997,110.779999,107.66877,6921800,950
2021-11-22,111.110001,112.589996,110.669998,111.449997,108.319962,5967300,951
2021-11-23,112,114.110001,111.779999,113.580002,110.390129,7911000,952
2021-11-24,113.410004,114.260002,113.080002,113.970001,110.769188,4464300,953
2021-11-26,110.010002,110.830002,109.25,110.660004,107.552139,6703200,954
2021-11-29,111.360001,111.690002,109.620003,110.730003,107.620186,7114100,955
2021-11-30,109.550003,111.089996,109.050003,109.639999,106.560783,9483300,956
2021-12-01,110.959999,113.349998,108.550003,108.660004,105.608322,7618500,957
2021-12-02,109.169998,112.080002,109.169998,111.419998,108.290794,7709400,958
2021-12-03,111.849998,112.849998,110.080002,111.239998,108.115845,7014100,959
2021-12-06,112.010002,114.169998,111.709999,113.360001,110.176315,8280200,960
2021-12-07,115.059998,117.190002,114.790001,116.260002,112.994873,8786900,961
2021-12-08,115.779999,116.650002,115.150002,116.25,112.985146,5807000,962
2021-12-09,115.800003,116.410004,115.239998,115.349998,112.110428,5664700,963
2021-12-10,115.82,117.089996,115.779999,116.730003,113.451668,6110800,964
2021-12-13,116.160004,116.830002,115.220001,115.559998,112.314522,6479400,965
2021-12-14,114.57,115.300003,114.029999,114.709999,111.488396,6854600,966
2021-12-15,114.809998,115.199997,112.760002,114.68,111.459236,6902400,967
2021-12-16,115,115.400002,113.220001,113.589996,110.399857,7544400,968
2021-12-17,111.269997,111.800003,108.220001,108.629997,105.579155,13696900,969
2021-12-20,107.07,108.120003,106.610001,108.089996,105.054314,6313700,970
2021-12-21,109,110.900002,108.870003,110.370003,107.270294,4682200,971
2021-12-22,110.199997,111.779999,110,111.739998,108.601807,3643300,972
2021-12-23,112.230003,112.910004,111.989998,112.370003,109.214127,3359600,973
2021-12-27,112.599998,114.370003,112.389999,114.220001,111.012161,3716700,974
2021-12-28,114,116.279999,113.809998,115.57,112.324242,4561600,975
2021-12-29,115.400002,116.959999,115.309998,116.379997,113.111496,4215300,976
2021-12-30,116.379997,117.339996,116.080002,116.239998,112.975433,4068700,977
2021-12-31,115.669998,117.480003,115.599998,116.970001,113.684921,3674900,978
2022-01-03,116.470001,117.800003,114.779999,116.68,113.403076,5475700,979
2022-01-04,116.900002,117.050003,114.169998,114.239998,111.031601,8367600,980
2022-01-05,114.400002,114.959999,110.400002,110.440002,107.338326,8662300,981
2022-01-06,110,111.879997,109.989998,111.139999,108.018661,6099900,982
2022-01-07,108.220001,109.709999,107.480003,107.57,104.548927,11266400,983
2022-01-10,106.620003,107.010002,104.419998,106.029999,103.052177,8499400,984
2022-01-11,106.040001,106.169998,103.709999,104.040001,101.118073,13073200,985
2022-01-12,104.440002,105.32,103.68,103.870003,100.95285,11810500,986
2022-01-13,104.150002,104.669998,102.089996,102.400002,99.524117,9818500,987
2022-01-14,101.910004,101.910004,99.089996,100.120003,97.308167,13703200,988
2022-01-18,99.169998,99.360001,97.510002,97.730003,94.985283,11396000,989
2022-01-19,97.940002,98.389999,96.779999,96.870003,94.149437,10856800,990
2022-01-20,97.489998,98.940002,95.589996,95.720001,93.031731,20311500,991
2022-01-21,95.900002,98.410004,95.470001,96.309998,93.605148,13438300,992
2022-01-24,94.75,98.349998,94.410004,98.099998,95.344894,17201400,993
2022-01-25,96.669998,98.089996,95.129997,97.010002,94.2855,12368500,994
2022-01-26,97.699997,98.639999,94.900002,95.580002,92.89566,11863000,995
2022-01-27,96.620003,97.169998,95.059998,95.32,92.64296,7322200,996
2022-01-28,95.059998,97.220001,93.790001,97.209999,94.479881,8345400,997
2022-01-31,97.029999,98.400002,96.419998,98.32,95.558708,8807700,998
2022-02-01,98.419998,99.029999,96.800003,98.760002,95.986343,11601900,999
2022-02-02,95.800003,99.150002,94.739998,97.730003,94.985283,15578800,1000
2022-02-03,96.839996,97.470001,95.669998,95.940002,93.245552,8901100,1001
2022-02-04,95.410004,95.940002,93.830002,95,92.331947,8267600,1002
2022-02-07,95.349998,96.110001,94.879997,95.190002,92.516609,6849000,1003
2022-02-08,95.290001,96.029999,94.349998,94.919998,92.254189,7161000,1004
2022-02-09,96.25,97.970001,96.199997,97.129997,94.402122,9353700,1005
2022-02-10,95.459999,96.809998,94.980003,95.309998,93.102921,9098800,1006
2022-02-11,95.589996,96.489998,93.360001,93.730003,91.559517,6924800,1007
2022-02-14,93.75,94.489998,92.419998,93.650002,91.481377,7948500,1008
2022-02-15,95.150002,95.459999,94.360001,94.510002,92.321449,7722200,1009
2022-02-16,94.339996,95.550003,93.160004,95.18,92.975937,6545800,1010
2022-02-17,94.419998,94.629997,92.779999,93.050003,90.895264,6578200,1011
2022-02-18,92.559998,94.050003,92.529999,93.339996,91.178543,6210600,1012
2022-02-22,93.599998,94.040001,92.360001,93.110001,90.953865,8622500,1013
2022-02-23,93.879997,93.879997,89.440002,89.650002,87.573997,9674800,1014
2022-02-24,87.5,91.199997,87.25,91.010002,88.902496,9260500,1015
2022-02-25,91.300003,92.790001,90.279999,92.580002,90.436142,7039400,1016
2022-02-28,91.290001,92.309998,90.620003,91.790001,89.664436,8591500,1017
2022-03-01,91.489998,91.510002,89.650002,90.139999,88.05265,7100700,1018
2022-03-02,90.769997,93.279999,90.589996,92.769997,90.621742,10721100,1019
2022-03-03,93.480003,93.5,91.080002,91.529999,89.410454,6587400,1020
2022-03-04,90.970001,91.160004,89.449997,90.029999,87.94519,7179800,1021
2022-03-07,90.040001,90.050003,84.349998,84.459999,82.504173,14608700,1022
2022-03-08,84.760002,86.919998,83.760002,84,82.054832,10692000,1023
2022-03-09,86.5,88.129997,86.330002,87.599998,85.571457,8811600,1024
2022-03-10,86.089996,87.360001,85.599998,87.160004,85.141655,9114300,1025
2022-03-11,88.349998,88.809998,82.540001,82.730003,80.814247,15351700,1026
2022-03-14,82.32,82.339996,78.919998,79.290001,77.453903,18199300,1027
2022-03-15,80.5,83.440002,80.279999,83.120003,81.195206,12542300,1028
2022-03-16,88.010002,90.089996,85.620003,87.410004,85.385872,21207900,1029
2022-03-17,87.459999,87.949997,86.010002,87.660004,85.630081,8554200,1030
2022-03-18,86.120003,89.75,84.980003,89.599998,87.525146,23784200,1031
2022-03-21,89.610001,89.720001,85.970001,86.860001,84.848602,11925300,1032
2022-03-22,87.400002,89.099998,87.150002,87.889999,85.854752,8447400,1033
2022-03-23,87.360001,87.709999,86.099998,86.220001,84.223427,7670500,1034
2022-03-24,86.830002,87.150002,85.559998,87.120003,85.102577,6163400,1035
2022-03-25,87.389999,87.669998,86.220001,87.449997,85.424927,7048100,1036
2022-03-28,87.480003,88.419998,86.75,88.379997,86.333397,5981000,1037
2022-03-29,89.699997,91.900002,89.660004,91.230003,89.117409,8963200,1038
2022-03-30,90.75,91.540001,90.400002,91.029999,88.922035,8122100,1039
2022-03-31,91.32,92.629997,90.970001,90.970001,88.863426,11306100,1040
2022-04-01,91.5,91.889999,90.480003,91.489998,89.371376,6516300,1041
2022-04-04,87.889999,88.459999,86.18,88.089996,86.050117,16243100,1042
2022-04-05,86.559998,86.620003,83.82,84.120003,82.17205,17525800,1043
2022-04-06,83.650002,83.889999,82.07,83.360001,81.429649,10567000,1044
2022-04-07,82.989998,83.5,81.449997,83.120003,81.195206,10869100,1045
2022-04-08,83.190002,83.190002,81.339996,81.519997,79.632256,9286800,1046
2022-04-11,80.879997,81.739998,80.290001,80.68,78.811714,8623200,1047
2022-04-12,80.830002,81.269997,79.650002,79.790001,77.942322,8472500,1048
2022-04-13,79.879997,81.309998,79.610001,80.919998,79.04615,8604400,1049
2022-04-14,80.75,81.080002,79.25,79.5,77.659035,9567200,1050
2022-04-18,79.040001,79.970001,78.879997,79.599998,77.756721,7797300,1051
2022-04-19,79.620003,81.540001,79.410004,81.220001,79.339203,8622100,1052
2022-04-20,81.309998,81.519997,80,80.169998,78.313522,8368800,1053
2022-04-21,81.050003,81.190002,78.730003,78.959999,77.131538,8152500,1054
2022-04-22,78.889999,79.480003,77.779999,77.919998,76.115616,10315500,1055
2022-04-25,77.379997,78.080002,76.730003,77.980003,76.174232,10259000,1056
2022-04-26,77.489998,77.580002,75.629997,75.629997,73.878647,8800500,1057
2022-04-27,75.379997,76.43,74.68,74.739998,73.009262,8467300,1058
2022-04-28,75.620003,77.099998,74.860001,76.580002,74.806656,8818500,1059
2022-04-29,76.019997,76.769997,74.480003,74.639999,72.911575,9199300,1060
2022-05-02,75.25,75.720001,73.470001,75.370003,73.62468,12379000,1061
2022-05-03,75.720001,75.790001,73.379997,74.330002,72.608757,15570100,1062
2022-05-04,79.309998,82.870003,77.919998,81.639999,79.749481,30199700,1063
2022-05-05,80.43,81.220001,77.129997,77.480003,75.685814,19114700,1064
2022-05-06,77.029999,77.199997,75.209999,76.519997,74.748047,11165800,1065
2022-05-09,75.239998,76.550003,73.330002,73.489998,71.7882,12863600,1066
2022-05-10,74.849998,75.050003,71.610001,71.860001,70.195953,14085900,1067
2022-05-11,71.550003,71.949997,69.959999,70.059998,68.43763,12118100,1068
2022-05-12,69.150002,70.029999,68.389999,69.900002,68.76226,15460600,1069
2022-05-13,71.879997,75.730003,71.879997,75.599998,74.369484,18156300,1070
2022-05-16,74.940002,75.440002,72.309998,72.419998,71.241249,11435300,1071
2022-05-17,74.010002,74.349998,72.839996,73.720001,72.520088,12454500,1072
2022-05-18,73.150002,73.540001,70.779999,71.279999,70.119797,10576500,1073
2022-05-19,71.099998,72.419998,70.330002,71.93,70.759232,11193700,1074
2022-05-20,72.879997,73.43,71.459999,73.389999,72.195457,15941800,1075
2022-05-23,73.730003,74.269997,72.57,73.419998,72.224968,10741900,1076
2022-05-24,72.970001,73.330002,71.269997,72.720001,71.536362,9227700,1077
2022-05-25,72.720001,73.5,71.93,72.480003,71.30027,8344400,1078
2022-05-26,72.949997,74.769997,72.870003,74.489998,73.27755,8940900,1079
2022-05-27,75.230003,76.720001,75.150002,76.709999,75.461411,8498400,1080
2022-05-31,76.970001,79.660004,76.550003,78.5,77.22229,23361800,1081
2022-06-01,78.75,78.879997,76.050003,76.279999,75.038414,7579000,1082
2022-06-02,76.540001,79.5,75.849998,79.419998,78.127304,10241500,1083
2022-06-03,79,79.900002,78.32,79.050003,77.763336,10415700,1084
2022-06-06,79.699997,81.300003,78.529999,78.980003,77.694473,7239400,1085
2022-06-07,78.57,79.75,78.260002,79.470001,78.176498,5517100,1086
2022-06-08,78.900002,79.769997,78.260002,78.470001,77.192772,5178300,1087
2022-06-09,77.970001,80.269997,77.730003,78.910004,77.625618,13248100,1088
2022-06-10,77.019997,77.790001,75.660004,75.669998,74.438339,8694300,1089
2022-06-13,73.089996,74.010002,71.910004,72.360001,71.18222,9282800,1090
2022-06-14,72.849998,73.839996,71.529999,72.309998,71.133034,7635600,1091
2022-06-15,73.25,75.269997,73.110001,74.190002,72.982437,7682300,1092
2022-06-16,72.43,72.610001,70.349998,70.949997,69.795174,10147000,1093
2022-06-17,71.080002,72.440002,70.769997,71.870003,70.700195,9824300,1094
2022-06-21,73.059998,73.169998,72.029999,72.959999,71.772453,7872500,1095
2022-06-22,72.370003,73.82,72.220001,73.300003,72.106918,6702200,1096
2022-06-23,73.860001,75.360001,73.510002,75.199997,73.97599,6586400,1097
2022-06-24,75.660004,78.150002,75.550003,78.110001,76.838638,18012000,1098
2022-06-27,78,78.440002,77.269997,77.68,76.415634,6672200,1099
2022-06-28,78.389999,79.889999,76.190002,76.339996,75.097443,7206400,1100
2022-06-29,76.209999,77.150002,75.639999,76.43,75.185974,8983900,1101
2022-06-30,76.010002,76.879997,74.870003,76.389999,75.146629,6781100,1102
2022-07-01,76.730003,79.470001,76.540001,79.260002,77.969917,7539200,1103
2022-07-05,78.019997,79.550003,77.360001,79.519997,78.225685,8087800,1104
2022-07-06,79.830002,80.470001,78.18,78.860001,77.576424,4652800,1105
2022-07-07,78.809998,79.650002,78.370003,79.239998,77.950233,5395600,1106
2022-07-08,78.690002,79.629997,78.269997,79.279999,77.989594,3927100,1107
2022-07-11,78.849998,79.050003,77.43,77.900002,76.63205,5351500,1108
2022-07-12,78.360001,79.440002,77.379997,77.760002,76.494331,5393400,1109
2022-07-13,75.989998,78.540001,75.730003,77.919998,76.651718,3897500,1110
2022-07-14,77.089996,78.370003,76.809998,78.199997,76.927162,4504500,1111
2022-07-15,78.610001,80.209999,78.610001,79.620003,78.324059,5584100,1112
2022-07-18,80.029999,81.669998,80,80.230003,78.924126,6768800,1113
2022-07-19,81.110001,82.669998,80.910004,82.550003,81.20636,5949200,1114
2022-07-20,82.480003,83.470001,81.889999,83.269997,81.914642,6850600,1115
2022-07-21,82.949997,83.610001,82.650002,83.540001,82.180252,7695300,1116
2022-07-22,84.160004,84.43,82.839996,83.589996,82.229431,6283600,1117
2022-07-25,83.589996,83.699997,81.040001,81.5,80.173454,5861100,1118
2022-07-26,81.220001,81.419998,80,80.309998,79.002815,6587000,1119
2022-07-27,81.230003,83.410004,81.120003,82.959999,81.609688,6372600,1120
2022-07-28,83.190002,84.889999,82.82,84.669998,83.291847,5594600,1121
2022-07-29,84.599998,84.980003,83.93,84.779999,83.400063,5802700,1122
2022-08-01,84.190002,85.589996,84.029999,84.910004,83.527954,7313700,1123
2022-08-02,84.699997,85.139999,83.620003,83.709999,82.347488,7254700,1124
2022-08-03,86.010002,87.970001,83.910004,87.269997,85.849541,12915700,1125
2022-08-04,87.209999,88.279999,86.57,86.879997,85.465881,7086700,1126
2022-08-05,85.760002,86.150002,84.919998,85.730003,84.334618,4835100,1127
2022-08-08,86.150002,86.860001,85.419998,85.720001,84.324768,4878400,1128
2022-08-09,85.739998,85.830002,84.459999,84.839996,83.459091,3498400,1129
2022-08-10,86.5,86.900002,86.089996,86.489998,85.082222,5072300,1130
2022-08-11,86.940002,87.550003,86.5,87.269997,86.338676,5595700,1131
2022-08-12,87.309998,88.400002,87.190002,88.309998,87.367584,5154000,1132
2022-08-15,88.110001,89.25,88.010002,89.160004,88.208519,5601000,1133
2022-08-16,88.779999,89.93,88.540001,89.400002,88.445953,4580800,1134
2022-08-17,88.400002,89,87.860001,88.349998,87.407158,3831300,1135
2022-08-18,88.029999,88.779999,87.68,88.550003,87.605026,3428300,1136
2022-08-19,87.769997,87.970001,86.550003,86.919998,85.992416,4597700,1137
2022-08-22,85.379997,85.550003,84.339996,84.949997,84.043442,5915200,1138
2022-08-23,84.849998,85.610001,84.580002,84.690002,83.786224,4560400,1139
2022-08-24,84.760002,86.480003,84.480003,86.050003,85.131706,4386000,1140
2022-08-25,86.349998,87.629997,86.300003,87.389999,86.457397,4236300,1141
2022-08-26,87.510002,87.989998,83.959999,84.059998,83.162933,6674900,1142
2022-08-29,83.199997,84.660004,83.040001,84.120003,83.222298,5035500,1143
2022-08-30,84.18,85.019997,82.690002,83.410004,82.519875,6812500,1144
2022-08-31,83.870003,84.760002,83.650002,84.07,83.172836,6570100,1145
2022-09-01,83.699997,85.470001,82.93,85.400002,84.48864,7556800,1146
2022-09-02,85.470001,85.769997,82.550003,82.940002,82.054893,10336800,1147
2022-09-06,83.07,84.620003,81.669998,84.519997,83.618027,11062800,1148
2022-09-07,85.110001,88.620003,84.919998,88.309998,87.367584,9946800,1149
2022-09-08,87.300003,89.480003,87.160004,89.459999,88.50531,7721100,1150
2022-09-09,89.5,89.949997,88.639999,88.690002,87.743538,7094600,1151
2022-09-12,89.769997,90.379997,88.540001,89.07,88.119476,9078900,1152
2022-09-13,86.720001,89.300003,86.07,87.839996,86.902596,16033600,1153
2022-09-14,89.57,93.480003,89.510002,92.699997,91.710732,24320600,1154
2022-09-15,92.089996,93.150002,91.730003,92.220001,91.235863,11052400,1155
2022-09-16,91.150002,92.099998,90.650002,91.309998,90.335564,11987600,1156
2022-09-19,90.889999,92.550003,90.830002,92.139999,91.156715,6287000,1157
2022-09-20,91.660004,92.019997,90.099998,90.790001,89.821121,6560000,1158
2022-09-21,91.290001,91.519997,88.57,88.599998,87.654488,8806800,1159
2022-09-22,88,88.019997,84.379997,84.699997,83.796104,9953000,1160
2022-09-23,83.900002,84.440002,83.230003,84.169998,83.271767,7153200,1161
2022-09-26,84.309998,86.029999,84.279999,84.809998,83.904938,7583500,1162
2022-09-27,85.970001,86.5,83.169998,84.279999,83.380592,8628800,1163
2022-09-28,84.68,87.480003,84.25,87.110001,86.180389,7850800,1164
2022-09-29,86.809998,87.339996,85.610001,86.57,85.646149,6881500,1165
2022-09-30,86.57,86.699997,84.150002,84.260002,83.360809,7737500,1166
2022-10-03,84.75,86.220001,83.800003,85.620003,84.706291,6739900,1167
2022-10-04,87.089996,88.949997,86.860001,88.510002,87.565453,5982400,1168
2022-10-05,87.730003,90.639999,87.550003,90.120003,89.158272,7980800,1169
2022-10-06,90.190002,90.900002,89.260002,89.349998,88.396484,6893800,1170
2022-10-07,88.540001,88.900002,86.300003,87.029999,86.101242,6606400,1171
2022-10-10,87.010002,87.57,86.129997,87.059998,86.13092,5092400,1172
2022-10-11,86.709999,87.199997,85.639999,86.209999,85.289993,5531300,1173
2022-10-12,87,88.059998,86.410004,86.870003,85.942955,5261900,1174
2022-10-13,85.089996,89.970001,84.709999,89.370003,88.416275,7616600,1175
2022-10-14,90.010002,90.699997,86.239998,86.370003,85.448288,6315200,1176
2022-10-17,87.900002,89.220001,87.809998,88.900002,87.951286,6255300,1177
2022-10-18,90.110001,90.470001,88.080002,88.959999,88.010643,5484400,1178
2022-10-19,88.389999,89.129997,87.010002,87.519997,86.586014,6473400,1179
2022-10-20,87.330002,88.230003,86.470001,86.790001,85.863808,4540700,1180
2022-10-21,87,88.970001,86.559998,88.610001,87.664383,9088800,1181
2022-10-24,86.900002,87.510002,82.43,83.760002,82.866142,16499300,1182
2022-10-25,84.099998,86,84.099998,85.209999,84.300667,10674000,1183
2022-10-26,85.610001,88.230003,85.480003,85.889999,84.973412,9987000,1184
2022-10-27,86.129997,86.400002,84.080002,85.279999,84.369919,9524600,1185
2022-10-28,85.169998,87.790001,84.309998,87.099998,86.170494,8284900,1186
2022-10-31,86.599998,87.57,85.949997,86.589996,85.665932,7401100,1187
2022-11-01,88.059998,88.879997,86.580002,87.099998,86.170494,6219600,1188
2022-11-02,87.269997,88.580002,84.529999,84.580002,83.677391,7653200,1189
2022-11-03,84.07,85.470001,82.970001,84.68,83.776321,8855100,1190
2022-11-04,91.980003,93.599998,90.519997,91.860001,90.8797,20194300,1191
2022-11-07,91.669998,92.360001,89.279999,90.449997,89.484741,10190200,1192
2022-11-08,90.919998,93.779999,90.919998,92.75,91.760208,9675500,1193
2022-11-09,91.610001,92.599998,91.339996,91.629997,91.173141,6271200,1194
2022-11-10,93.889999,96.419998,93.330002,96.260002,95.78006,10408400,1195
2022-11-11,96.760002,98.669998,96.57,97.379997,96.89447,8294400,1196
2022-11-14,97.129997,98.559998,96.690002,97.419998,96.934273,8521100,1197
2022-11-15,98.910004,99.529999,97.290001,97.830002,97.342232,6410000,1198
2022-11-16,96.519997,97.959999,96.260002,97.07,96.586021,5348900,1199
2022-11-17,95.209999,97.010002,95.099998,96.970001,96.486519,5245600,1200
2022-11-18,97.75,98.349998,97.129997,97.949997,97.461632,5964800,1201
2022-11-21,96.989998,98.489998,96.699997,98.32,97.829788,4499200,1202
2022-11-22,98.5,98.730003,97.519997,98.43,97.93924,5398600,1203
2022-11-23,98.489998,100.080002,98.269997,99.519997,99.023804,5944900,1204
2022-11-25,99.639999,99.879997,98.519997,99.559998,99.063606,2320000,1205
2022-11-28,98.989998,100.160004,98.559998,98.660004,98.168098,5257300,1206
2022-11-29,98.959999,99.330002,98.199997,98.660004,98.168098,4423900,1207
2022-11-30,99.050003,102.559998,98.519997,102.199997,101.690445,15000800,1208
2022-12-01,102.330002,103.559998,101.949997,103.370003,102.854614,7452300,1209
2022-12-02,102.019997,105.540001,101.82,105.050003,104.526237,7916900,1210
2022-12-05,103.389999,104.239998,103,103.550003,103.033714,9285800,1211
2022-12-06,103.82,104.190002,101.440002,102.080002,101.571045,8383000,1212
2022-12-07,101.290001,102.970001,101.059998,101.870003,101.362091,4194300,1213
2022-12-08,102.739998,103.910004,102.400002,103.739998,103.222763,5465100,1214
2022-12-09,103.43,103.5,101.75,101.790001,101.282486,7999600,1215
2022-12-12,101.129997,102.849998,100.82,102.699997,102.18795,5796000,1216
2022-12-13,104.82,105.199997,100.989998,102.110001,101.600891,7066000,1217
2022-12-14,102.32,103.300003,100.699997,102.190002,101.680496,5624000,1218
2022-12-15,101.209999,101.550003,99.449997,99.989998,99.491463,7244400,1219
2022-12-16,99.279999,99.540001,98.019997,98.830002,98.33725,13862300,1220
2022-12-19,98.43,98.809998,97.730003,98.300003,97.809891,5771100,1221
2022-12-20,98.190002,98.580002,97.269997,98,97.511383,4533500,1222
2022-12-21,96.720001,99.07,96.349998,98.669998,98.17804,5566300,1223
2022-12-22,98.449997,98.559998,96.169998,97.760002,97.272583,4756900,1224
2022-12-23,97.589996,98.300003,96.879997,98.269997,97.780037,3944500,1225
2022-12-27,98.57,99.459999,98.209999,99.199997,98.705399,4402500,1226
2022-12-28,99.410004,99.910004,98.389999,98.599998,98.108391,3491500,1227
2022-12-29,99,100.650002,98.669998,99.769997,99.27256,3976100,1228
2022-12-30,99.190002,99.25,98.239998,99.199997,98.705399,3987800,1229
2023-01-03,100.559998,101.169998,99.470001,100.830002,100.327278,6607700,1230
2023-01-04,102.690002,104.730003,102.550003,104.459999,103.939178,8166600,1231
2023-01-05,104.489998,105.099998,103.489998,104.43,103.909325,5575100,1232
2023-01-06,105.379997,107,105.010002,106.690002,106.158058,9641300,1233
2023-01-09,106.519997,106.68,104.43,104.739998,104.217781,10124800,1234
2023-01-10,104.360001,106.43,104.169998,106,105.471497,4183600,1235
2023-01-11,105.809998,106.440002,104.860001,106.300003,105.770004,5634400,1236
2023-01-12,106.290001,106.440002,105.169998,105.849998,105.322243,4882000,1237
2023-01-13,105.07,107.300003,105.07,107.230003,106.695366,5527500,1238
2023-01-17,106.949997,107.599998,106.309998,106.75,106.217758,7477200,1239
2023-01-18,107.139999,107.470001,104.910004,105,104.476486,5725800,1240
2023-01-19,105,105.699997,104.239998,104.260002,103.740173,5115800,1241
2023-01-20,104.400002,105.199997,103.889999,105.040001,104.516289,6542600,1242
2023-01-23,105.040001,106.889999,104.400002,106.209999,105.68045,6320500,1243
2023-01-24,106.400002,106.870003,105.410004,106.639999,106.108307,5517200,1244
2023-01-25,106.059998,107.139999,105.900002,106.980003,106.446617,5416900,1245
2023-01-26,107.300003,108.800003,107.059998,108.760002,108.217735,6324100,1246
2023-01-27,108.739998,109.760002,108.339996,109.019997,108.47644,6848300,1247
2023-01-30,108.260002,108.870003,107.419998,108.400002,107.859535,6880700,1248
2023-01-31,108.260002,109.150002,107.5,109.139999,108.59584,5816300,1249
2023-02-01,108.970001,110.779999,107.980003,109.989998,109.441605,5841200,1250
2023-02-02,110.040001,110.830002,108,109.150002,108.605797,9852900,1251
2023-02-03,104.580002,106.440002,103.040001,104.300003,103.779976,15194200,1252
2023-02-06,104,106.169998,103.300003,105.019997,104.496384,6392200,1253
2023-02-07,104.830002,107.379997,104.559998,106.830002,106.297363,6207500,1254
2023-02-08,106.32,106.540001,105.650002,106.300003,105.770004,5557500,1255
2023-02-09,105.730003,106.610001,105.599998,106.050003,106.050003,5608400,1256
2023-02-10,105.519997,107.260002,105.470001,107.089996,107.089996,6292000,1257